District,latitude,longitude,Elevation(m),Soil_Type,Soil_porosity(P_sq),Month,Year,Rainfall,precipitation,temperature,diurnal temp range,vapour pressure,Prev_GWL
Raipur,21.25,81.63,298,silty loamy,0.5,3,1973,6.82,6.5,28.5,14.9,13,6.25
Raipur,21.25,81.63,298,silty loamy,0.5,11,1973,1.3,1.1,22.2,13.2,15.5,3.28
Raipur,21.25,81.63,298,silty loamy,0.5,3,1974,3.26,6.7,29,14.9,13.7,5.8
Raipur,21.25,81.63,298,silty loamy,0.5,6,1974,87.74,179,32.1,10.9,24.8,9.17
Raipur,21.25,81.63,298,silty loamy,0.5,11,1974,9.53,6.8,22.2,13.2,15.4,3.61
Raipur,21.25,81.63,298,silty loamy,0.5,3,1975,8.15,22.7,28,14.9,13.1,7.52
Raipur,21.25,81.63,298,silty loamy,0.5,6,1975,144.39,308,31.2,10.9,23.5,10.46
Raipur,21.25,81.63,298,silty loamy,0.5,11,1975,0.19,1.4,21.5,13.2,15.1,2.96
Raipur,21.25,81.63,298,silty loamy,0.5,3,1976,0.12,15.6,28.2,14.9,13.3,6.02
Raipur,21.25,81.63,298,silty loamy,0.5,6,1976,90.11,115.6,31.7,10.9,24.1,9.74
Raipur,21.25,81.63,298,silty loamy,0.5,11,1976,0.87,12.1,24.7,13.2,18.9,2.94
Raipur,21.25,81.63,298,silty loamy,0.5,3,1977,0.29,10.6,29.2,14.9,14.4,6.29
Raipur,21.25,81.63,298,silty loamy,0.5,6,1977,139.26,208.4,31.7,10.9,24.2,10.1
Raipur,21.25,81.63,298,silty loamy,0.5,11,1977,19.05,26,24.6,13.2,18.4,3.15
Raipur,21.25,81.63,298,silty loamy,0.5,3,1978,16.58,32.5,27.1,14.9,12.1,6.22
Raipur,21.25,81.63,298,silty loamy,0.5,6,1978,151.69,196.8,31.6,10.9,24,9.85
Raipur,21.25,81.63,298,silty loamy,0.5,11,1978,3.83,12.7,24.4,13.2,18,3.16
Raipur,21.25,81.63,298,silty loamy,0.5,3,1979,0.33,4.3,27.3,14.9,12.4,6.08
Raipur,21.25,81.63,298,silty loamy,0.5,6,1979,138.66,221,32.5,10.9,25.8,9.68
Raipur,21.25,81.63,298,silty loamy,0.5,11,1979,4.81,8.4,25.1,13.2,19.3,3.67
Raipur,21.25,81.63,298,silty loamy,0.5,6,1980,230.1,253.7,30.6,10.9,22.4,10.13
Raipur,21.25,81.63,298,silty loamy,0.5,11,1980,0.01,1.2,23.8,13.2,17.1,2.56
Raipur,21.25,81.63,298,silty loamy,0.5,3,1981,59.79,32.5,27.6,14.9,12.7,8.38
Raipur,21.25,81.63,298,silty loamy,0.5,6,1981,93.9,206.7,32.4,10.9,25.8,10.12
Raipur,21.25,81.63,298,silty loamy,0.5,11,1981,0,1.2,22.5,13.2,15.6,3.45
Raipur,21.25,81.63,298,silty loamy,0.5,6,1982,102.98,174.8,31.9,10.9,24.6,9.93
Raipur,21.25,81.63,298,silty loamy,0.5,11,1982,5.72,5,23.4,13.2,17,3.51
Raipur,21.25,81.63,298,silty loamy,0.5,6,1983,91.39,180.6,33.1,10.9,26.6,10.35
Raipur,21.25,81.63,298,silty loamy,0.5,11,1983,0,1.3,21.8,13.2,14.9,2.54
Raipur,21.25,81.63,298,silty loamy,0.5,3,1984,0,5.2,28.2,14.9,13,5.23
Raipur,21.25,81.63,298,silty loamy,0.5,6,1984,309.31,140,31,10.9,23.1,10.13
Raipur,21.25,81.63,298,silty loamy,0.5,11,1984,0.24,1.1,22.1,13.2,15.2,3
Raipur,21.25,81.63,298,silty loamy,0.5,3,1985,0.32,8.3,29.6,14.9,14.5,5.23
Raipur,21.25,81.63,298,silty loamy,0.5,6,1985,159.57,220.9,31.7,10.9,24.8,10.82
Raipur,21.25,81.63,298,silty loamy,0.5,8,1985,338.96,358.4,27.2,6.4,30.1,2.05
Raipur,21.25,81.63,298,silty loamy,0.5,10,1985,29.04,96.9,25.5,10.4,22.4,1.96
Raipur,21.25,81.63,298,silty loamy,0.5,11,1985,0,1.7,22.7,13.2,15.9,2.26
Raipur,21.25,81.63,298,silty loamy,0.5,2,1986,19.94,25.1,23.3,14.4,14,6.61
Raipur,21.25,81.63,298,silty loamy,0.5,5,1986,6.87,17.8,34.7,14.1,17,7.6
Raipur,21.25,81.63,298,silty loamy,0.5,6,1986,373.99,199.2,31.3,10.9,24.3,9.42
Raipur,21.25,81.63,298,silty loamy,0.5,10,1986,37.03,26.1,27,10.4,23.9,2.55
Raipur,21.25,81.63,298,silty loamy,0.5,11,1986,30.71,10.2,23.8,13.2,17.2,2.6
Raipur,21.25,81.63,298,silty loamy,0.5,1,1987,7.14,5.3,20.5,14.2,13,5.2
Raipur,21.25,81.63,298,silty loamy,0.5,2,1987,1.79,7.2,23.2,14.4,14.4,7.55
Raipur,21.25,81.63,298,silty loamy,0.5,3,1987,6.02,22.3,27.5,14.9,12.8,5.87
Raipur,21.25,81.63,298,silty loamy,0.5,5,1987,23.69,23.7,33.7,14.1,16.2,10.02
Raipur,21.25,81.63,298,silty loamy,0.5,6,1987,55.55,145.4,33.3,10.9,26.6,8.47
Raipur,21.25,81.63,298,silty loamy,0.5,10,1987,60.92,47.2,26.8,10.4,24.2,2.48
Raipur,21.25,81.63,298,silty loamy,0.5,11,1987,53.54,12.2,23.6,13.2,17.1,3.09
Raipur,21.25,81.63,298,silty loamy,0.5,2,1988,27.76,5.6,24.3,14.4,14.8,6.69
Raipur,21.25,81.63,298,silty loamy,0.5,3,1988,13.88,14.4,28.6,14.9,13.4,4.35
Raipur,21.25,81.63,298,silty loamy,0.5,5,1988,1.51,19.6,36.1,14.1,19,9.42
Raipur,21.25,81.63,298,silty loamy,0.5,6,1988,175.84,180.5,31.9,10.9,23.9,10.94
Raipur,21.25,81.63,298,silty loamy,0.5,10,1988,23.19,36.4,26.2,10.4,23.1,3.48
Raipur,21.25,81.63,298,silty loamy,0.5,11,1988,0,5.5,22.7,13.2,16,4.21
Raipur,21.25,81.63,298,silty loamy,0.5,2,1989,0,4.2,23.3,14.4,14,7.07
Raipur,21.25,81.63,298,silty loamy,0.5,3,1989,6.17,50.9,27,14.9,12.5,7.79
Raipur,21.25,81.63,298,silty loamy,0.5,5,1989,5.64,20.1,35.5,14.1,17.7,9.91
Raipur,21.25,81.63,298,silty loamy,0.5,6,1989,209.89,182.2,31,10.9,22.9,9.57
Raipur,21.25,81.63,298,silty loamy,0.5,10,1989,7.16,23.7,26.8,10.4,24.1,3.24
Raipur,21.25,81.63,298,silty loamy,0.5,11,1989,0,2.2,23.6,13.2,16.8,3.31
Raipur,21.25,81.63,298,silty loamy,0.5,3,1990,14.14,41.1,27.3,14.9,12.3,6.44
Raipur,21.25,81.63,298,silty loamy,0.5,5,1990,88.17,58.9,33.6,14.1,17.1,6.91
Raipur,21.25,81.63,298,silty loamy,0.5,6,1990,270.12,251.5,30.4,10.9,22.7,7.45
Raipur,21.25,81.63,298,silty loamy,0.5,10,1990,263.38,94.8,26.2,10.4,23.2,2.23
Raipur,21.25,81.63,298,silty loamy,0.5,11,1990,35.37,4.2,23.8,13.2,17.4,2.43
Raipur,21.25,81.63,298,silty loamy,0.5,3,1991,6.62,18,28.7,14.9,13.8,7.17
Raipur,21.25,81.63,298,silty loamy,0.5,4,1991,9.9,12.9,32.1,14.9,14.6,6.29
Raipur,21.25,81.63,298,silty loamy,0.5,5,1991,8.28,18.8,35.4,14.1,18.6,8.87
Raipur,21.25,81.63,298,silty loamy,0.5,6,1991,134.04,174.8,30.9,10.9,23.4,9.29
Raipur,21.25,81.63,298,silty loamy,0.5,9,1991,67.86,142.9,28.2,7.5,30.2,5.83
Raipur,21.25,81.63,298,silty loamy,0.5,10,1991,32.33,29.7,26.9,10.4,24.2,3.39
Raipur,21.25,81.63,298,silty loamy,0.5,11,1991,10.08,10.3,23.3,13.2,16.5,2.94
Raipur,21.25,81.63,298,silty loamy,0.5,2,1992,1.26,4.6,22.6,14.4,13.1,6.99
Raipur,21.25,81.63,298,silty loamy,0.5,3,1992,0.18,6.6,28.9,14.9,14,6.94
Raipur,21.25,81.63,298,silty loamy,0.5,5,1992,7.69,17.3,34.7,14.1,17.3,10.14
Raipur,21.25,81.63,298,silty loamy,0.5,6,1992,148.34,149.7,32.4,10.9,25.4,9.4
Raipur,21.25,81.63,298,silty loamy,0.5,10,1992,4.85,33.7,26.8,10.4,24.2,3.05
Raipur,21.25,81.63,298,silty loamy,0.5,11,1992,6.55,5.5,23.6,13.2,17.2,3.12
Raipur,21.25,81.63,298,silty loamy,0.5,2,1993,4.5,9.4,23.5,14.4,14.5,6.49
Raipur,21.25,81.63,298,silty loamy,0.5,3,1993,2.65,43.2,27.3,14.9,12.3,6.09
Raipur,21.25,81.63,298,silty loamy,0.5,5,1993,6.54,27.1,35.2,14.1,18.1,9.65
Raipur,21.25,81.63,298,silty loamy,0.5,6,1993,136.84,176.3,33,10.9,26.6,7.1
Raipur,21.25,81.63,298,silty loamy,0.5,8,1993,295.95,262.4,27.6,6.4,30.3,0.99
Raipur,21.25,81.63,298,silty loamy,0.5,11,1993,0,2.5,23.2,13.2,16.5,3.22
Raipur,21.25,81.63,298,silty loamy,0.5,12,1993,0,1.9,19.6,14.1,13.1,4.961219538
Raipur,21.25,81.63,298,silty loamy,0.5,1,1994,0.42,9.5,21.2,14.2,13.9,6.067698973
Raipur,21.25,81.63,298,silty loamy,0.5,4,1994,7.19,10.1,31.7,14.9,14.1,8.582625225
Raipur,21.25,81.63,298,silty loamy,0.5,5,1994,4.48,24.5,35.3,14.1,17.9,7.185564529
Raipur,21.25,81.63,298,silty loamy,0.5,6,1994,468.19,154.6,31.2,10.9,23.3,8.623408485
Raipur,21.25,81.63,298,silty loamy,0.5,7,1994,505.47,519.4,26.6,7.1,29.1,0.971962926
Raipur,21.25,81.63,298,silty loamy,0.5,8,1994,383.42,369.2,26.6,6.4,29.6,2.897955167
Raipur,21.25,81.63,298,silty loamy,0.5,10,1994,74.43,82.5,26.8,10.4,24.2,2.922320937
Raipur,21.25,81.63,298,silty loamy,0.5,11,1994,0.54,3.2,23,13.2,16.6,2.077940396
Raipur,21.25,81.63,298,silty loamy,0.5,1,1995,20.89,13.3,19.1,14.2,11.9,4.84
Raipur,21.25,81.63,298,silty loamy,0.5,5,1995,44.89,22.8,33.8,14.1,16.7,8.31
Raipur,21.25,81.63,298,silty loamy,0.5,11,1995,14.76,1.7,23.7,13.2,17,3.17
Raipur,21.25,81.63,298,silty loamy,0.5,1,1996,7.67,4.2,21.5,14.2,14.4,4.482953272
Raipur,21.25,81.63,298,silty loamy,0.5,5,1996,0.53,7.1,35.7,14.1,18.6,7.393985418
Raipur,21.25,81.63,298,silty loamy,0.5,8,1996,325.35,294.6,26.9,6.4,29.6,2.227138053
Raipur,21.25,81.63,298,silty loamy,0.5,11,1996,0.26,7.1,23.5,13.2,16.7,3.804671348
Raipur,21.25,81.63,298,silty loamy,0.5,12,1996,0,1.8,20.1,14.1,13.4,5.910507074
Raipur,21.25,81.63,298,silty loamy,0.5,1,1997,2.84,13,19.6,14.2,12.2,3.894123925
Raipur,21.25,81.63,298,silty loamy,0.5,5,1997,4.37,17,34.3,14.1,16.7,8.582043333
Raipur,21.25,81.63,298,silty loamy,0.5,6,1997,125.05,104.5,32.6,10.9,25.4,8.091754103
Raipur,21.25,81.63,298,silty loamy,0.5,7,1997,312.66,286.8,28,7.1,31.2,1.135437477
Raipur,21.25,81.63,298,silty loamy,0.5,8,1997,416.68,271.3,27.7,6.4,30.9,1.108034604
Raipur,21.25,81.63,298,silty loamy,0.5,9,1997,141.6,190.2,27.9,7.5,30,2.59024265
Raipur,21.25,81.63,298,silty loamy,0.5,10,1997,10.95,48.6,26.6,10.4,23.7,3.155565931
Raipur,21.25,81.63,298,silty loamy,0.5,11,1997,18.9,19.5,24.6,13.2,18.7,2.676031512
Raipur,21.25,81.63,298,silty loamy,0.5,12,1997,57.57,18.8,21.3,14.1,14.7,4.66511756
Raipur,21.25,81.63,298,silty loamy,0.5,1,1998,23.1,7.9,21,14.2,13.4,4.459318835
Raipur,21.25,81.63,298,silty loamy,0.5,2,1998,5.4,25.8,23.8,14.4,14.1,4.035720536
Raipur,21.25,81.63,298,silty loamy,0.5,5,1998,7.59,25.7,36,14.1,18.7,6.987003206
Raipur,21.25,81.63,298,silty loamy,0.5,6,1998,186.7,136.6,33.4,10.9,27.2,8.08673714
Raipur,21.25,81.63,298,silty loamy,0.5,7,1998,238.15,291.6,28.2,7.1,32,1.940617656
Raipur,21.25,81.63,298,silty loamy,0.5,8,1998,145.26,270.3,28,6.4,31.7,3.67470253
Raipur,21.25,81.63,298,silty loamy,0.5,9,1998,190.97,178.5,28.4,7.5,30.7,2.155835825
Raipur,21.25,81.63,298,silty loamy,0.5,10,1998,59.25,71.3,27.6,10.4,25.1,3.515996844
Raipur,21.25,81.63,298,silty loamy,0.5,11,1998,39.22,23.7,24.5,13.2,17.8,2.571086556
Raipur,21.25,81.63,298,silty loamy,0.5,12,1998,0,1.7,20.1,14.1,13.5,3.860825345
Raipur,21.25,81.63,298,silty loamy,0.5,1,1999,0,2.8,19.8,14.2,12.3,4.399963876
Raipur,21.25,81.63,298,silty loamy,0.5,5,1999,36.56,31,34.6,14.1,17.1,6.545095999
Raipur,21.25,81.63,298,silty loamy,0.5,6,1999,171.31,167.1,31.2,10.9,23.4,8.065757224
Raipur,21.25,81.63,298,silty loamy,0.5,7,1999,187.54,272.7,28.1,7.1,31.2,2.471444514
Raipur,21.25,81.63,298,silty loamy,0.5,8,1999,326.89,479.4,27.3,6.4,30.2,1.970499432
Raipur,21.25,81.63,298,silty loamy,0.5,9,1999,158.63,200.9,27.5,7.5,29,2.227138754
Raipur,21.25,81.63,298,silty loamy,0.5,10,1999,24.54,71.6,27.2,10.4,24.6,3.501974621
Raipur,21.25,81.63,298,silty loamy,0.5,11,1999,0.24,1.8,24.1,13.2,16.7,3.039222009
Raipur,21.25,81.63,298,silty loamy,0.5,12,1999,0,1.7,20.3,14.1,13.6,4.460549618
Raipur,21.25,81.63,298,silty loamy,0.5,1,2000,0.13,2.6,21.4,14.2,13.7,5.919249855
Raipur,21.25,81.63,298,silty loamy,0.5,5,2000,13.27,29,34.4,14.1,16.5,6.680534774
Raipur,21.25,81.63,298,silty loamy,0.5,6,2000,142.38,224.3,30.4,10.9,22.4,5.932912518
Raipur,21.25,81.63,298,silty loamy,0.5,8,2000,156.34,281.3,27.7,6.4,31.5,1.870366781
Raipur,21.25,81.63,298,silty loamy,0.5,10,2000,0.11,23.5,28.1,10.4,25.8,4.897739769
Raipur,21.25,81.63,298,silty loamy,0.5,11,2000,0,1.7,24.4,13.2,17.8,2.834880193
Raipur,21.25,81.63,298,silty loamy,0.5,12,2000,0,1.7,20.5,14.1,13.8,7.141786824
Raipur,21.25,81.63,298,silty loamy,0.5,1,2001,2.28,5.3,20.7,14.2,13.1,5.980182568
Raipur,21.25,81.63,298,silty loamy,0.5,5,2001,24.05,31.8,35.5,14.1,17.7,9.186999127
Raipur,21.25,81.63,298,silty loamy,0.5,6,2001,424.17,236.4,30.2,10.9,21.5,8.020978636
Raipur,21.25,81.63,298,silty loamy,0.5,8,2001,322.65,383.5,27.5,6.4,30.9,1.112357509
Raipur,21.25,81.63,298,silty loamy,0.5,10,2001,65.85,83.2,27.5,10.4,25,4.245957423
Raipur,21.25,81.63,298,silty loamy,0.5,11,2001,4.04,7,24.7,13.2,18.2,4.598763228
Raipur,21.25,81.63,298,silty loamy,0.5,12,2001,0,1.8,21.2,14.1,14.5,5.784605458
Raipur,21.25,81.63,298,silty loamy,0.5,1,2002,4.15,22.9,20.8,14.2,13.4,6.350546115
Raipur,21.25,81.63,298,silty loamy,0.5,4,2002,7.45,11,33.4,14.9,15.5,8.110394985
Raipur,21.25,81.63,298,silty loamy,0.5,5,2002,31.07,27.1,36.2,14.1,18.8,8.840942881
Raipur,21.25,81.63,298,silty loamy,0.5,6,2002,141.81,214.4,31.9,10.9,24.7,7.19231734
Raipur,21.25,81.63,298,silty loamy,0.5,8,2002,365.29,382.8,27,6.4,29.7,2.66378295
Raipur,21.25,81.63,298,silty loamy,0.5,10,2002,36.3,31.8,27.3,10.4,24.7,3.657591949
Raipur,21.25,81.63,298,silty loamy,0.5,11,2002,0.04,1.8,23.6,13.2,17,4.80801521
Raipur,21.25,81.63,298,silty loamy,0.5,12,2002,0,1.8,21.8,14.1,14.9,4.746880126
Raipur,21.25,81.63,298,silty loamy,0.5,1,2003,0,2.8,20.8,14.2,13.1,4.763073863
Raipur,21.25,81.63,298,silty loamy,0.5,5,2003,3.34,7.3,35.8,14.1,18.5,6.501389195
Raipur,21.25,81.63,298,silty loamy,0.5,8,2003,565.56,360.3,27.4,6.4,30.6,2.029524427
Raipur,21.25,81.63,298,silty loamy,0.5,9,2003,371.89,162.4,27.5,7.5,29.1,3.30375116
Raipur,21.25,81.63,298,silty loamy,0.5,10,2003,101.81,82,26.7,10.4,24,3.426583038
Raipur,21.25,81.63,298,silty loamy,0.5,11,2003,2.2,2,24.2,13.2,17.5,3.72609478
Raipur,21.25,81.63,298,silty loamy,0.5,12,2003,21.35,14.1,21.2,14.1,14.2,4.700692232
Raipur,21.25,81.63,298,silty loamy,0.5,1,2004,26.15,29.2,20.2,14.2,12.7,4.961434066
Raipur,21.25,81.63,298,silty loamy,0.5,5,2004,4.97,14.7,34.6,14.1,17.3,6.720006301
Raipur,21.25,81.63,298,silty loamy,0.5,6,2004,248.45,192.3,31,10.9,23.2,5.399587631
Raipur,21.25,81.63,298,silty loamy,0.5,8,2004,306.15,320.6,27.1,6.4,29.8,2.339075339
Raipur,21.25,81.63,298,silty loamy,0.5,10,2004,53.29,43.5,26.8,10.4,23.9,3.466501513
Raipur,21.25,81.63,298,silty loamy,0.5,11,2004,0.06,3.4,23.9,13.2,17.2,4.024236263
Raipur,21.25,81.63,298,silty loamy,0.5,12,2004,0,1.7,21.1,14.1,14.1,5.002544981
Raipur,21.25,81.63,298,silty loamy,0.5,1,2005,41.86,16.7,21.2,14.2,13.6,6.036273179
Raipur,21.25,81.63,298,silty loamy,0.5,5,2005,29.63,19.7,34.9,14.1,17.5,7.139434777
Raipur,21.25,81.63,298,silty loamy,0.5,6,2005,140.44,183.4,33.7,10.9,27.6,8.637504828
Raipur,21.25,81.63,298,silty loamy,0.5,8,2005,229.77,272.4,27.7,6.4,31,1.580529222
Raipur,21.25,81.63,298,silty loamy,0.5,11,2005,0.06,1.9,23,13.2,16.1,2.988552656
Raipur,21.25,81.63,298,silty loamy,0.5,1,2006,0,2.6,21.2,14.2,13.5,5.310556187
Raipur,21.25,81.63,298,silty loamy,0.5,5,2006,21.44,34.9,34.5,14.1,17,8.612413426
Raipur,21.25,81.63,298,silty loamy,0.5,8,2006,508.04,305.3,27.1,6.4,29.9,1.727605087
Raipur,21.25,81.63,298,silty loamy,0.5,11,2006,1.57,11.2,24.2,13.2,17.7,3.505095704
Raipur,21.25,81.63,298,silty loamy,0.5,1,2007,0,2.6,20.9,14.2,13.4,5.904391463
Raipur,21.25,81.63,298,silty loamy,0.5,5,2007,5.26,15.8,35.3,14.1,17.8,9.570826261
Raipur,21.25,81.63,298,silty loamy,0.5,8,2007,296.06,341.1,27.6,6.4,31.2,1.870061022
Raipur,21.25,81.63,298,silty loamy,0.5,11,2007,0.32,3.1,24,13.2,17.2,3.053749851
Raipur,21.25,81.63,298,silty loamy,0.5,1,2008,7.37,7.1,21.2,14.2,13.7,5.653603633
Raipur,21.25,81.63,298,silty loamy,0.5,5,2008,0.26,17.3,35.1,14.1,17.6,7.50849845
Raipur,21.25,81.63,298,silty loamy,0.5,8,2008,318.31,312.4,27.3,6.4,30.6,2.177192377
Raipur,21.25,81.63,298,silty loamy,0.5,11,2008,0,1.9,24.4,13.2,17.9,3.92987129
Raipur,21.25,81.63,298,silty loamy,0.5,1,2009,0.18,2.9,22.4,14.2,14.8,5.54352731
Raipur,21.25,81.63,298,silty loamy,0.5,5,2009,13.22,30.4,35.3,14.1,18,8.418584772
Raipur,21.25,81.63,298,silty loamy,0.5,8,2009,280.78,276.1,28.2,6.4,32.2,2.034580322
Raipur,21.25,81.63,298,silty loamy,0.5,11,2009,8.39,6.7,24.4,13.2,17.8,3.552682114
Raipur,21.25,81.63,298,silty loamy,0.5,12,2009,0.02,2.3,21.5,14.1,14.8,5.558806698
Raipur,21.25,81.63,298,silty loamy,0.5,1,2010,3.44,12.2,20,14.2,12.9,5.553743276
Raipur,21.25,81.63,298,silty loamy,0.5,5,2010,18.29,16.8,35.8,14.1,18.5,6.099961123
Raipur,21.25,81.63,298,silty loamy,0.5,6,2010,79.03,164.7,32.8,10.9,26,8.02544487
Raipur,21.25,81.63,298,silty loamy,0.5,8,2010,231.68,450.7,28.1,6.4,31.9,2.20640255
Raipur,21.25,81.63,298,silty loamy,0.5,11,2010,11.99,16.1,25.3,13.2,19.1,2.991113095
Raipur,21.25,81.63,298,silty loamy,0.5,1,2011,0.25,2.6,19.9,14.2,12.4,4.149821619
Raipur,21.25,81.63,298,silty loamy,0.5,5,2011,7.35,29.7,35,14.1,17.6,7.358447806
Raipur,21.25,81.63,298,silty loamy,0.5,8,2011,283.75,344.8,27.7,6.4,31,1.379280016
Raipur,21.25,81.63,298,silty loamy,0.5,11,2011,0,1.7,24.3,13.2,17.5,3.858040254
Raipur,21.25,81.63,298,silty loamy,0.5,1,2012,10.83,15.5,20.5,14.2,13.1,3.937996116
Raipur,21.25,81.63,298,silty loamy,0.5,5,2012,0.46,17,35.6,14.1,18.5,6.825621823
Raipur,21.25,81.63,298,silty loamy,0.5,6,2012,151.25,142.4,33.4,10.9,27,7.228865557
Raipur,21.25,81.63,298,silty loamy,0.5,8,2012,404.86,397.7,27.1,6.4,30,2.550175588
Raipur,21.25,81.63,298,silty loamy,0.5,9,2012,204.59,279.1,28.1,7.5,30.2,2.881577789
Raipur,21.25,81.63,298,silty loamy,0.5,10,2012,18.65,26.5,27,10.4,24,2.987415723
Raipur,21.25,81.63,298,silty loamy,0.5,11,2012,9.35,6.4,23.3,13.2,16.5,3.048699499
Raipur,21.25,81.63,298,silty loamy,0.5,12,2012,1.81,1.7,21.5,14.1,14.5,5.18730324
Raipur,21.25,81.63,298,silty loamy,0.5,1,2013,2.58,4.4,20.8,14.2,13.1,4.320617376
Raipur,21.25,81.63,298,silty loamy,0.5,5,2013,5.08,11.7,36.1,14.1,19,5.464453354
Raipur,21.25,81.63,298,silty loamy,0.5,6,2013,285.45,345.4,30.3,10.9,22.1,6.53794106
Raipur,21.25,81.63,298,silty loamy,0.5,9,2013,183.26,153,28.6,7.5,30.8,1.460593536
Raipur,21.25,81.63,298,silty loamy,0.5,10,2013,165.89,111.8,26.8,10.4,24.1,2.08801542
Raipur,21.25,81.63,298,silty loamy,0.5,11,2013,0,2.3,23.1,13.2,16.4,3.837208511
Raipur,21.25,81.63,298,silty loamy,0.5,12,2013,0,1.7,20.6,14.1,14,4.889526431
Raipur,21.25,81.63,298,silty loamy,0.5,1,2014,0.01,5.6,20.9,14.2,13.4,4.154291563
Raipur,21.25,81.63,298,silty loamy,0.5,5,2014,73.1,24,34.3,14.1,16.9,7.366914072
Raipur,21.25,81.63,298,silty loamy,0.5,8,2014,333.7,268.3,28.1,6.4,31.7,2.08246089
Raipur,21.25,81.63,298,silty loamy,0.5,10,2014,45.69,34.9,27.3,10.4,24.7,1.768433309
Raipur,21.25,81.63,298,silty loamy,0.5,11,2014,0,2,24.2,13.2,17.6,3.594040764
Raipur,21.25,81.63,298,silty loamy,0.5,12,2014,0.06,1.9,20.1,14.1,13.6,4.291843948
Raipur,21.25,81.63,298,silty loamy,0.5,1,2015,7.5,3.9,19.7,14.2,12.6,5.17
Raipur,21.25,81.63,298,silty loamy,0.5,5,2015,11.29,27.8,35.6,14.1,18.4,5.61
Raipur,21.25,81.63,298,silty loamy,0.5,7,2015,236.48,215,28.1,7.1,32.2,8.302513582
Raipur,21.25,81.63,298,silty loamy,0.5,8,2015,241.4,402.2,28,6.4,31.5,2.35
Raipur,21.25,81.63,298,silty loamy,0.5,10,2015,3.48,22,28,10.4,25.8,2.741947858
Raipur,21.25,81.63,298,silty loamy,0.5,11,2015,0,1.8,25,13.2,18.5,3.67
Raipur,21.25,81.63,298,silty loamy,0.5,12,2015,2.11,1.8,22.1,14.1,15.5,4.290953256
Raipur,21.25,81.63,298,silty loamy,0.5,1,2016,6.12,3.8,21.5,14.2,14.1,5.48
Raipur,21.25,81.63,298,silty loamy,0.5,2,2016,3.61,8,25.6,14.4,15.6,6.119695643
Raipur,21.25,81.63,298,silty loamy,0.5,5,2016,13.59,15.3,35.2,14.1,18,8.7
Raipur,21.25,81.63,298,silty loamy,0.5,7,2016,323.25,434.1,27.8,7.1,30.8,6.41
Raipur,21.25,81.63,298,silty loamy,0.5,8,2016,207.13,270.2,27.5,6.4,30.9,2.76
Raipur,21.25,81.63,298,silty loamy,0.5,9,2016,274.79,202.3,28.1,7.5,30.3,5.57
Raipur,21.25,81.63,298,silty loamy,0.5,10,2016,61.99,70.6,26.7,10.4,24,3.350703401
Raipur,21.25,81.63,298,silty loamy,0.5,11,2016,0,1.7,23.3,13.2,16.7,2.87
Raipur,21.25,81.63,298,silty loamy,0.5,12,2016,0,1.7,21,14.1,14.4,4.399303379
Raipur,21.25,81.63,298,silty loamy,0.5,1,2017,0.21,3.8,20.8,14.2,13.4,4.73
Raipur,21.25,81.63,298,silty loamy,0.5,5,2017,5.77,24.6,35.8,14.1,18.7,7.29
Raipur,21.25,81.63,298,silty loamy,0.5,7,2017,227.2,416,27.7,7.1,30.9,9.42
Raipur,21.25,81.63,298,silty loamy,0.5,8,2017,253.76,374.5,27.9,6.4,31.5,2.1
Raipur,21.25,81.63,298,silty loamy,0.5,9,2017,180.11,215.2,28.9,7.5,31.2,5.71
Raipur,21.25,81.63,298,silty loamy,0.5,10,2017,83.53,54.5,27.9,10.4,25.4,5.57
Raipur,21.25,81.63,298,silty loamy,0.5,11,2017,0.17,5.5,23.8,13.2,17,3.55
Raipur,21.25,81.63,298,silty loamy,0.5,12,2017,0,1.8,21,14.1,14.4,4.488173663
Raipur,21.25,81.63,298,silty loamy,0.5,1,2018,0,2.6,20.6,14.2,13.3,5.28
Raipur,21.25,81.63,298,silty loamy,0.5,5,2018,46.23,21.8,35.4,14.1,18,6.51
Raipur,21.25,81.63,298,silty loamy,0.5,7,2018,357.41,431.7,27.4,7.1,30.5,4.988190428
Raipur,21.25,81.63,298,silty loamy,0.5,8,2018,422.29,339.9,27.2,6.4,30.2,1.83
Raipur,21.25,81.63,298,silty loamy,0.5,9,2018,128.59,181.5,27.9,7.5,29.9,4.26
Raipur,21.25,81.63,298,silty loamy,0.5,10,2018,1.62,16.5,27.6,10.4,24.8,3.807451105
Raipur,21.25,81.63,298,silty loamy,0.5,11,2018,0,1.7,24.5,13.2,17.9,4.15
Raipur,21.25,81.63,298,silty loamy,0.5,12,2018,62.32,6.5,20.2,14.1,13.7,4.017342861
Raipur,21.25,81.63,298,silty loamy,0.5,1,2019,15.59,16.5,20,14.2,12.7,4.51
Raipur,21.25,81.63,298,silty loamy,0.5,5,2019,6.35,19.7,35.9,14.1,18.9,6.3
Raipur,21.25,81.63,298,silty loamy,0.5,7,2019,299.7,515.9,28.3,7.1,32.1,3.513799193
Raipur,21.25,81.63,298,silty loamy,0.5,8,2019,331.25,459.9,27.5,6.4,30.7,2.54
Raipur,21.25,81.63,298,silty loamy,0.5,9,2019,339.53,352.6,27.7,7.5,29.5,1.856542633
Raipur,21.25,81.63,298,silty loamy,0.5,10,2019,60.51,68.7,26.8,10.4,24.2,6.17
Raipur,21.25,81.63,298,silty loamy,0.5,11,2019,0.34,1.8,24.4,13.2,17.7,2.73
Raipur,21.25,81.63,298,silty loamy,0.5,12,2019,0.62,3.2,20,14.1,14.1,2.867087069
Raipur,21.25,81.63,298,silty loamy,0.5,1,2020,18.33,22.7,20.7,14.2,13.2,4.23
Raipur,21.25,81.63,298,silty loamy,0.5,5,2020,45.87,19.3,34.8,14.1,17.4,5.78
Raipur,21.25,81.63,298,silty loamy,0.5,8,2020,397,386.7,27.4,6.4,30.5,2.02
Raipur,21.25,81.63,298,silty loamy,0.5,11,2020,2.01,5.2,24,13.2,17.5,4.01
Raipur,21.25,81.63,298,silty loamy,0.5,1,2021,2.89,3.2,22.2,14.2,14.7,5.47
Raipur,21.25,81.63,298,silty loamy,0.5,5,2021,45.88,28.5,33.8,14.1,16.3,6.82
Raipur,21.25,81.63,298,silty loamy,0.5,8,2021,126.6,259.9,27.9,6.4,31.3,3.05
Raipur,21.25,81.63,298,silty loamy,0.5,10,2021,20.41,38.6,27.5,10.4,25.2,3.12
Raipur,21.25,81.63,298,silty loamy,0.5,11,2021,9.71,6.8,24.4,13.2,18,3.68
Raipur,21.25,81.63,298,silty loamy,0.5,1,2022,38.22,28.6,20.1,14.2,13,4.26
Raipur,21.25,81.63,298,silty loamy,0.5,5,2022,17.13,21.7,35.1,14.1,17.8,5.43
Raipur,21.25,81.63,298,silty loamy,0.5,8,2022,461.61,488,28,6.4,31.4,2.75
Raipur,21.25,81.63,298,silty loamy,0.5,9,2022,147.46,292.7,28.2,7.5,30.3,4.47
Raipur,21.25,81.63,298,silty loamy,0.5,10,2022,52.48,75.4,26.7,10.4,24,5.23
Raipur,21.25,81.63,298,silty loamy,0.5,11,2022,0,1.7,23.5,13.2,16.9,3.67
Raipur,21.25,81.63,298,silty loamy,0.5,12,2022,0.56,2.2,22.5,14.1,15.5,10.51
Durg,21.19,81.28,289,clay loam,0.46,11,1974,10.97,4.6,22.1,13.6,14.9,3.49
Durg,21.19,81.28,289,clay loam,0.46,2,1975,2.3,23.3,23.2,14.8,13.1,2.88
Durg,21.19,81.28,289,clay loam,0.46,5,1975,0.12,9.2,35.9,14.3,17.7,5.34
Durg,21.19,81.28,289,clay loam,0.46,6,1975,192.91,301.3,31.3,10.9,23.6,6.92
Durg,21.19,81.28,289,clay loam,0.46,2,1976,1.91,1,23.2,14.8,14.1,3.15
Durg,21.19,81.28,289,clay loam,0.46,5,1976,3.74,21.1,34.8,14.3,16.2,6.1
Durg,21.19,81.28,289,clay loam,0.46,6,1976,101.65,97.4,31.8,10.9,23.8,8
Durg,21.19,81.28,289,clay loam,0.46,11,1976,1.09,10.7,24.7,13.6,18.6,1.99
Durg,21.19,81.28,289,clay loam,0.46,5,1977,10.91,25.9,33.9,14.3,14.9,5.9
Durg,21.19,81.28,289,clay loam,0.46,6,1977,114.36,208.7,31.9,10.9,24.3,4.19
Durg,21.19,81.28,289,clay loam,0.46,1,1978,3.25,14.1,19.9,14.4,12.4,2.96
Durg,21.19,81.28,289,clay loam,0.46,5,1978,1.52,7.7,36.1,14.3,17.6,7.62
Durg,21.19,81.28,289,clay loam,0.46,8,1978,498.77,387.3,26.3,6.4,29.2,7.49
Durg,21.19,81.28,289,clay loam,0.46,10,1978,10.4,19.3,26.8,10.8,23.5,1.67
Durg,21.19,81.28,289,clay loam,0.46,11,1978,2.55,9,24.3,13.6,17.9,3.19
Durg,21.19,81.28,289,clay loam,0.46,1,1979,20.43,27.4,21.2,14.4,13.8,5.23
Durg,21.19,81.28,289,clay loam,0.46,2,1979,18.56,45.4,22.8,14.8,12.6,1.54
Durg,21.19,81.28,289,clay loam,0.46,5,1979,1.67,18.9,34.1,14.3,15.8,7.67
Durg,21.19,81.28,289,clay loam,0.46,9,1979,101.45,175.4,28.4,7.7,30.5,3.53
Durg,21.19,81.28,289,clay loam,0.46,10,1979,13.72,29.1,27.6,10.8,25.3,2.13
Durg,21.19,81.28,289,clay loam,0.46,11,1979,14.6,6.3,25,13.6,19,2.44
Durg,21.19,81.28,289,clay loam,0.46,12,1979,1.64,3.8,20.9,14.5,14.7,5.98
Durg,21.19,81.28,289,clay loam,0.46,1,1980,1.86,6.6,21.4,14.4,13.7,3.78
Durg,21.19,81.28,289,clay loam,0.46,2,1980,0.15,3.5,24.4,14.8,14.3,6.92
Durg,21.19,81.28,289,clay loam,0.46,5,1980,3.97,3.8,36.1,14.3,17.7,8.57
Durg,21.19,81.28,289,clay loam,0.46,6,1980,243.17,249.3,30.7,10.9,22.3,8.35
Durg,21.19,81.28,289,clay loam,0.46,10,1980,24.65,8.5,27.2,10.8,24.6,1.37
Durg,21.19,81.28,289,clay loam,0.46,11,1980,0,0.3,23.8,13.6,17.1,3.3
Durg,21.19,81.28,289,clay loam,0.46,12,1980,1.85,8.2,20.5,14.5,13.8,5.72
Durg,21.19,81.28,289,clay loam,0.46,1,1981,17.12,14.8,20,14.4,13.1,3.23
Durg,21.19,81.28,289,clay loam,0.46,2,1981,1.53,0.9,24,14.8,14,6.25
Durg,21.19,81.28,289,clay loam,0.46,5,1981,13.77,27.2,34.9,14.3,16,8.68
Durg,21.19,81.28,289,clay loam,0.46,6,1981,84.04,207.4,32.5,10.9,26,6.75
Durg,21.19,81.28,289,clay loam,0.46,10,1981,12.43,31.2,26.6,10.8,23.4,4.83
Durg,21.19,81.28,289,clay loam,0.46,11,1981,0.29,0.4,22.4,13.6,15.4,2.53
Durg,21.19,81.28,289,clay loam,0.46,1,1982,14.49,32.5,21.5,14.4,14.2,2.33
Durg,21.19,81.28,289,clay loam,0.46,2,1982,15.51,11.2,23.4,14.8,13.5,4.91
Durg,21.19,81.28,289,clay loam,0.46,5,1982,27.55,21.2,33.8,14.3,15.9,9.27
Durg,21.19,81.28,289,clay loam,0.46,6,1982,122.6,168.4,32,10.9,24.4,7.51
Durg,21.19,81.28,289,clay loam,0.46,8,1982,397.5,266.9,27,6.4,30,6.35
Durg,21.19,81.28,289,clay loam,0.46,11,1982,6.34,3.2,23.3,13.6,16.9,2.44
Durg,21.19,81.28,289,clay loam,0.46,2,1983,20.65,13.2,23.5,14.8,13.2,1.59
Durg,21.19,81.28,289,clay loam,0.46,3,1983,0.23,7.6,28.4,15.2,12.6,6.76
Durg,21.19,81.28,289,clay loam,0.46,5,1983,17.82,14.4,34.6,14.3,15.9,7.6
Durg,21.19,81.28,289,clay loam,0.46,9,1983,259.05,314.4,27.5,7.7,29.6,2.04
Durg,21.19,81.28,289,clay loam,0.46,10,1983,49.93,67.1,25.8,10.8,22.5,1.93
Durg,21.19,81.28,289,clay loam,0.46,11,1983,0,0.4,21.7,13.6,14.7,3.25
Durg,21.19,81.28,289,clay loam,0.46,12,1983,4.06,4.9,19.7,14.5,13.2,2.03
Durg,21.19,81.28,289,clay loam,0.46,1,1984,36.73,25.3,21,14.4,13.2,2.68
Durg,21.19,81.28,289,clay loam,0.46,2,1984,13.63,22.9,22.3,14.8,12.3,3.24
Durg,21.19,81.28,289,clay loam,0.46,3,1984,0,2.1,28.2,15.2,12.7,4.95
Durg,21.19,81.28,289,clay loam,0.46,5,1984,25.89,7.8,36,14.3,18,10.56
Durg,21.19,81.28,289,clay loam,0.46,6,1984,236.85,123.1,31.1,10.9,23.3,8.66
Durg,21.19,81.28,289,clay loam,0.46,11,1984,2.29,0.3,22,13.6,14.8,2.92
Durg,21.19,81.28,289,clay loam,0.46,12,1984,0,0.5,20.9,14.5,13.9,3.46
Durg,21.19,81.28,289,clay loam,0.46,1,1985,12.76,23,21.4,14.4,14,3.27
Durg,21.19,81.28,289,clay loam,0.46,3,1985,0.13,5.9,29.6,15.2,14,4.75
Durg,21.19,81.28,289,clay loam,0.46,5,1985,5.02,17.7,35.7,14.3,17.2,9.58
Durg,21.19,81.28,289,clay loam,0.46,6,1985,118.66,212.4,31.8,10.9,24.9,9.08
Durg,21.19,81.28,289,clay loam,0.46,10,1985,36.79,103,25.4,10.8,22,2.33
Durg,21.19,81.28,289,clay loam,0.46,11,1985,0,1,22.6,13.6,15.8,2.19
Durg,21.19,81.28,289,clay loam,0.46,12,1985,0,2.2,21,14.5,14.8,1.88
Durg,21.19,81.28,289,clay loam,0.46,1,1986,16.68,21.4,20.3,14.4,13.5,2.6
Durg,21.19,81.28,289,clay loam,0.46,2,1986,28.77,23.6,23.3,14.8,13.6,5.17
Durg,21.19,81.28,289,clay loam,0.46,5,1986,3.42,18.4,34.8,14.3,15.7,10.04
Durg,21.19,81.28,289,clay loam,0.46,6,1986,458.86,194.6,31.4,10.9,24.4,8.24
Durg,21.19,81.28,289,clay loam,0.46,10,1986,22.51,26.1,26.9,10.8,23.4,3
Durg,21.19,81.28,289,clay loam,0.46,11,1986,29.44,6.6,23.7,13.6,17.1,3.33
Durg,21.19,81.28,289,clay loam,0.46,2,1987,2.99,7.3,23.2,14.8,14.1,5.43
Durg,21.19,81.28,289,clay loam,0.46,6,1987,47.42,140.2,33.4,10.9,26.8,8.98
Durg,21.19,81.28,289,clay loam,0.46,10,1987,55.35,52.1,26.7,10.8,23.7,6.15
Durg,21.19,81.28,289,clay loam,0.46,11,1987,42.42,9.3,23.5,13.6,16.8,3.02
Durg,21.19,81.28,289,clay loam,0.46,1,1988,0.01,2.5,21.4,14.4,14.3,4.63
Durg,21.19,81.28,289,clay loam,0.46,2,1988,18.29,3.8,24.3,14.8,14.6,4.33
Durg,21.19,81.28,289,clay loam,0.46,6,1988,167.7,172.7,32,10.9,24.1,8.52
Durg,21.19,81.28,289,clay loam,0.46,10,1988,12.76,38.7,26.1,10.8,22.5,3.23
Durg,21.19,81.28,289,clay loam,0.46,2,1989,0,3.1,23.3,14.8,13.7,6.32
Durg,21.19,81.28,289,clay loam,0.46,6,1989,274.68,169.9,31.1,10.9,22.9,9.08
Durg,21.19,81.28,289,clay loam,0.46,10,1989,0.62,21.2,26.7,10.8,23.5,3.2
Durg,21.19,81.28,289,clay loam,0.46,11,1989,0.07,1,23.5,13.6,16.6,3.48
Durg,21.19,81.28,289,clay loam,0.46,2,1990,12.03,28.9,23.6,14.8,14.1,5.89
Durg,21.19,81.28,289,clay loam,0.46,6,1990,314.28,258.2,30.4,10.9,22.7,6.49
Durg,21.19,81.28,289,clay loam,0.46,11,1990,5.63,2.5,23.7,13.6,17.1,1.95
Durg,21.19,81.28,289,clay loam,0.46,2,1991,0.44,4.8,24.7,14.8,14.9,4.31
Durg,21.19,81.28,289,clay loam,0.46,5,1991,0.8,15.8,35.6,14.3,17.5,8
Durg,21.19,81.28,289,clay loam,0.46,6,1991,179.87,163.7,31,10.9,23.5,7.4
Durg,21.19,81.28,289,clay loam,0.46,11,1991,5.5,6.5,23.2,13.6,16.2,2.94
Durg,21.19,81.28,289,clay loam,0.46,2,1992,0,3.4,22.6,14.8,12.8,4.72
Durg,21.19,81.28,289,clay loam,0.46,6,1992,106.72,135.2,32.5,10.9,25.7,7.46
Durg,21.19,81.28,289,clay loam,0.46,11,1992,9.62,3.6,23.5,13.6,16.9,2.89
Durg,21.19,81.28,289,clay loam,0.46,2,1993,8.74,9.5,23.5,14.8,14.2,5.03
Durg,21.19,81.28,289,clay loam,0.46,5,1993,4.4,26.8,35.3,14.3,17.2,8.43
Durg,21.19,81.28,289,clay loam,0.46,6,1993,157.99,176.1,33.1,10.9,26.8,6.96
Durg,21.19,81.28,289,clay loam,0.46,8,1993,317.15,258.8,27.5,6.4,30,1.41
Durg,21.19,81.28,289,clay loam,0.46,11,1993,0,1,23.1,13.6,16.2,2.67
Durg,21.19,81.28,289,clay loam,0.46,1,1994,1.79,11.6,21.4,14.4,14,4.73
Durg,21.19,81.28,289,clay loam,0.46,5,1994,9.44,23.7,35.5,14.3,16.9,7.18
Durg,21.19,81.28,289,clay loam,0.46,8,1994,403.11,375.7,26.5,6.4,29.2,1.03
Durg,21.19,81.28,289,clay loam,0.46,11,1994,1.4,1.9,22.8,13.6,16.3,2.17
Durg,21.19,81.28,289,clay loam,0.46,1,1995,22.35,17.7,19.2,14.4,12,3.64
Durg,21.19,81.28,289,clay loam,0.46,5,1995,9.97,19.9,33.8,14.3,15.8,6.04
Durg,21.19,81.28,289,clay loam,0.46,8,1995,313.6,304.1,27.9,6.4,31,1.45
Durg,21.19,81.28,289,clay loam,0.46,11,1995,1.12,1,23.6,13.6,16.7,2.55
Durg,21.19,81.28,289,clay loam,0.46,1,1996,3.46,4.1,21.6,14.4,14.5,3.44
Durg,21.19,81.28,289,clay loam,0.46,5,1996,0.92,6.2,35.8,14.3,17.6,7.31
Durg,21.19,81.28,289,clay loam,0.46,8,1996,457.9,294,26.8,6.4,29.4,1.81
Durg,21.19,81.28,289,clay loam,0.46,11,1996,0.04,5.1,23.4,13.6,16.4,3.12
Durg,21.19,81.28,289,clay loam,0.46,1,1997,4.84,15.4,19.7,14.4,12.3,4.52
Durg,21.19,81.28,289,clay loam,0.46,5,1997,2.57,15.2,34.4,14.3,15.5,7.69
Durg,21.19,81.28,289,clay loam,0.46,8,1997,351.05,260.4,27.6,6.4,30.5,1.53
Durg,21.19,81.28,289,clay loam,0.46,11,1997,27.28,15.1,24.5,13.6,18.3,3.16
Durg,21.19,81.28,289,clay loam,0.46,1,1998,38.1,10.1,21.1,14.4,13.3,3.68
Durg,21.19,81.28,289,clay loam,0.46,5,1998,10.92,22.5,36.1,14.3,17.6,7.21
Durg,21.19,81.28,289,clay loam,0.46,6,1998,158.98,130.8,33.5,10.9,27.4,7.03
Durg,21.19,81.28,289,clay loam,0.46,8,1998,172.92,280.4,27.9,6.4,31.5,3.23
Durg,21.19,81.28,289,clay loam,0.46,11,1998,48.18,17.9,24.3,13.6,17.2,3.06
Durg,21.19,81.28,289,clay loam,0.46,1,1999,0.04,2.8,19.9,14.4,12.3,3.77
Durg,21.19,81.28,289,clay loam,0.46,5,1999,28.03,32.9,34.7,14.3,16.1,7.73
Durg,21.19,81.28,289,clay loam,0.46,8,1999,414.85,483.5,27.2,6.4,29.9,2.24
Durg,21.19,81.28,289,clay loam,0.46,9,1999,233.99,262.7,27.4,7.7,28.7,1.37
Durg,21.19,81.28,289,clay loam,0.46,11,1999,0,1,24,13.6,16.4,2.29
Durg,21.19,81.28,289,clay loam,0.46,1,2000,0.49,2.4,21.5,14.4,13.8,3.46
Durg,21.19,81.28,289,clay loam,0.46,5,2000,12.76,32.6,34.5,14.3,15.5,6.16
Durg,21.19,81.28,289,clay loam,0.46,8,2000,175.67,268.8,27.7,6.4,31.2,2.2
Durg,21.19,81.28,289,clay loam,0.46,11,2000,0,1,24.3,13.6,17.5,3
Durg,21.19,81.28,289,clay loam,0.46,1,2001,4.5,5.2,20.8,14.4,13.2,6.23
Durg,21.19,81.28,289,clay loam,0.46,2,2001,0,3.1,24.4,14.8,14.3,9.48
Durg,21.19,81.28,289,clay loam,0.46,5,2001,15.15,35.4,35.6,14.3,16.8,7.98
Durg,21.19,81.28,289,clay loam,0.46,8,2001,341.47,375.7,27.4,6.4,30.6,1.12
Durg,21.19,81.28,289,clay loam,0.46,11,2001,2.01,4.3,24.5,13.6,17.9,3.13
Durg,21.19,81.28,289,clay loam,0.46,1,2002,7.62,24.4,20.9,14.4,13.5,4.51
Durg,21.19,81.28,289,clay loam,0.46,5,2002,12.87,29.7,36.3,14.3,17.8,7.46
Durg,21.19,81.28,289,clay loam,0.46,8,2002,319.08,387.6,26.9,6.4,29.4,1.62
Durg,21.19,81.28,289,clay loam,0.46,11,2002,0.01,1.1,23.5,13.6,16.7,3.59
Durg,21.19,81.28,289,clay loam,0.46,1,2003,0,2.5,20.9,14.4,13.2,6.4
Durg,21.19,81.28,289,clay loam,0.46,5,2003,0.86,6.8,35.9,14.3,17.5,7.46
Durg,21.19,81.28,289,clay loam,0.46,8,2003,543.58,369.2,27.3,6.4,30.3,2.07
Durg,21.19,81.28,289,clay loam,0.46,11,2003,10.59,1.2,24.2,13.6,17.3,2.09
Durg,21.19,81.28,289,clay loam,0.46,1,2005,68.05,17.3,21.3,14.4,13.7,5.26
Durg,21.19,81.28,289,clay loam,0.46,5,2005,16.36,17.5,35,14.3,16.5,7.49
Durg,21.19,81.28,289,clay loam,0.46,8,2005,268.09,262,27.6,6.4,30.6,1.79
Durg,21.19,81.28,289,clay loam,0.46,11,2005,0,1.1,22.9,13.6,15.9,2.45
Durg,21.19,81.28,289,clay loam,0.46,1,2006,0,2.4,21.3,14.4,13.6,4.16
Durg,21.19,81.28,289,clay loam,0.46,5,2006,25.29,35.7,34.6,14.3,16,7.06
Durg,21.19,81.28,289,clay loam,0.46,8,2006,428.01,306.1,27,6.4,29.6,2.1
Durg,21.19,81.28,289,clay loam,0.46,11,2006,2.97,7.4,24.1,13.6,17.4,3.52
Durg,21.19,81.28,289,clay loam,0.46,1,2007,0,2.4,21.1,14.4,13.5,5.08
Durg,21.19,81.28,289,clay loam,0.46,5,2007,5.13,13.9,35.4,14.3,16.8,7.63
Durg,21.19,81.28,289,clay loam,0.46,8,2007,289.24,333.7,27.5,6.4,30.8,2.15
Durg,21.19,81.28,289,clay loam,0.46,11,2007,1.46,2.2,23.9,13.6,16.9,3.05
Durg,21.19,81.28,289,clay loam,0.46,1,2008,1.89,6.3,21.3,14.4,13.8,4.48
Durg,21.19,81.28,289,clay loam,0.46,5,2008,1.01,15.3,35.2,14.3,16.6,7.17
Durg,21.19,81.28,289,clay loam,0.46,8,2008,259.48,313,27.2,6.4,30.2,3.46
Durg,21.19,81.28,289,clay loam,0.46,11,2008,1.18,1.1,24.3,13.6,17.7,4.08
Durg,21.19,81.28,289,clay loam,0.46,1,2009,0.79,2.9,22.5,14.4,14.9,5.53
Durg,21.19,81.28,289,clay loam,0.46,5,2009,2.14,30.6,35.4,14.3,17,8.03
Durg,21.19,81.28,289,clay loam,0.46,8,2009,259.68,276.8,28.2,6.4,31.9,3.24
Durg,21.19,81.28,289,clay loam,0.46,11,2009,49.77,5.7,24.2,13.6,17.5,4.12
Durg,21.19,81.28,289,clay loam,0.46,1,2010,6.56,13.4,20.1,14.4,13,5.03
Durg,21.19,81.28,289,clay loam,0.46,5,2010,14.96,13.9,35.9,14.3,17.5,8
Durg,21.19,81.28,289,clay loam,0.46,8,2010,208.88,478.6,28,6.4,31.6,2.96
Durg,21.19,81.28,289,clay loam,0.46,11,2010,14.8,12.1,25.2,13.6,18.8,3.78
Durg,21.19,81.28,289,clay loam,0.46,1,2011,0,2.4,20,14.4,12.5,4.5
Durg,21.19,81.28,289,clay loam,0.46,5,2011,2.98,28.3,35.1,14.3,16.6,7.31
Durg,21.19,81.28,289,clay loam,0.46,8,2011,346.34,357.1,27.6,6.4,30.8,2.89
Durg,21.19,81.28,289,clay loam,0.46,11,2011,0,1,24.2,13.6,17.2,4.01
Durg,21.19,81.28,289,clay loam,0.46,1,2012,14.1,16.4,20.6,14.4,13.2,4.88
Durg,21.19,81.28,289,clay loam,0.46,5,2012,0.01,16.5,35.7,14.3,17.5,7.14
Durg,21.19,81.28,289,clay loam,0.46,11,2012,20.41,4.3,23.2,13.6,16.3,5.31
Durg,21.19,81.28,289,clay loam,0.46,1,2013,0.55,5.2,20.9,14.4,13.3,7.44
Durg,21.19,81.28,289,clay loam,0.46,5,2013,2.89,9.5,36.2,14.3,18,10.15
Durg,21.19,81.28,289,clay loam,0.46,8,2013,336.37,327.7,26.9,6.4,29.6,3.35
Durg,21.19,81.28,289,clay loam,0.46,11,2013,0,1.3,23,13.6,16.1,4.64
Durg,21.19,81.28,289,clay loam,0.46,1,2014,0.03,5.3,21,14.4,13.5,6.71
Durg,21.19,81.28,289,clay loam,0.46,5,2014,17.49,19.9,34.4,14.3,15.8,8.59
Durg,21.19,81.28,289,clay loam,0.46,8,2014,280.22,259.4,28.1,6.4,31.4,2.91
Durg,21.19,81.28,289,clay loam,0.46,11,2014,0.01,1.2,24.2,13.6,17.3,3.49
Durg,21.19,81.28,289,clay loam,0.46,1,2015,18.38,5.1,19.7,14.4,12.6,7.21
Durg,21.19,81.28,289,clay loam,0.46,5,2015,13.46,27.4,35.7,14.3,17.4,6.82
Durg,21.19,81.28,289,clay loam,0.46,8,2015,250.19,407.2,27.9,6.4,31.2,3.92
Durg,21.19,81.28,289,clay loam,0.46,11,2015,0,1,24.9,13.6,18.2,4.57
Durg,21.19,81.28,289,clay loam,0.46,1,2016,8.68,3.5,21.7,14.4,14.2,7.29
Durg,21.19,81.28,289,clay loam,0.46,5,2016,196.04,13.3,35.3,14.3,17,8.92
Durg,21.19,81.28,289,clay loam,0.46,8,2016,213.86,264.9,27.6,6.4,30.6,4.24
Durg,21.19,81.28,289,clay loam,0.46,11,2016,0,1,23.2,13.6,16.4,5.04
Durg,21.19,81.28,289,clay loam,0.46,1,2017,1.73,2.7,20.9,14.4,13.5,7.35
Durg,21.19,81.28,289,clay loam,0.46,5,2017,9.47,26.1,35.9,14.3,17.7,9.22
Durg,21.19,81.28,289,clay loam,0.46,8,2017,270.73,380.9,27.8,6.4,31.2,4.43
Durg,21.19,81.28,289,clay loam,0.46,11,2017,0.31,5.1,23.7,13.6,16.8,5.56
Durg,21.19,81.28,289,clay loam,0.46,1,2018,0,2.4,20.8,14.4,13.4,6.78
Durg,21.19,81.28,289,clay loam,0.46,5,2018,36.02,21.9,35.5,14.3,17,7.35
Durg,21.19,81.28,289,clay loam,0.46,8,2018,468.66,323.5,27.1,6.4,29.9,1.89
Durg,21.19,81.28,289,clay loam,0.46,11,2018,0,1,24.4,13.6,17.6,5.28
Durg,21.19,81.28,289,clay loam,0.46,1,2019,30.02,18,20.1,14.4,12.8,6.25
Durg,21.19,81.28,289,clay loam,0.46,3,2019,21.13,5.8,28.6,15.2,12.9,3.15
Durg,21.19,81.28,289,clay loam,0.46,5,2019,9.6,17.6,36,14.3,17.9,8.1
Durg,21.19,81.28,289,clay loam,0.46,8,2019,337.81,453.5,27.4,6.4,30.4,4.45
Durg,21.19,81.28,289,clay loam,0.46,11,2019,0,1.2,24.4,13.6,17.4,3.67
Durg,21.19,81.28,289,clay loam,0.46,1,2020,29.97,28.2,20.8,14.4,13.3,4.82
Durg,21.19,81.28,289,clay loam,0.46,8,2020,454.61,407.8,27.3,6.4,30.2,3.6
Durg,21.19,81.28,289,clay loam,0.46,11,2020,1.87,3.4,23.9,13.6,17.2,4.81
Durg,21.19,81.28,289,clay loam,0.46,1,2021,2.69,3.3,22.3,14.4,14.8,6.14
Durg,21.19,81.28,289,clay loam,0.46,8,2021,148.92,254.9,27.8,6.4,31,3.61
Durg,21.19,81.28,289,clay loam,0.46,11,2021,25.88,4.1,24.3,13.6,17.7,4.17
Durg,21.19,81.28,289,clay loam,0.46,1,2022,36.68,32.7,20.2,14.4,13.1,4.51
Durg,21.19,81.28,289,clay loam,0.46,5,2022,20.27,21.1,35.2,14.3,16.8,6.29
Durg,21.19,81.28,289,clay loam,0.46,8,2022,426.82,486.8,27.9,6.4,31.1,3.03
Durg,21.19,81.28,289,clay loam,0.46,11,2022,0,1,23.4,13.6,16.6,4.05
Bilaspur,22.08,82.14,207,sandy loamy,0.45,3,1984,0.48,10.1,27,14.9,13.1,6.35
Bilaspur,22.08,82.14,207,sandy loamy,0.45,6,1984,266.62,157.4,30.8,10.7,23.7,8.38
Bilaspur,22.08,82.14,207,sandy loamy,0.45,10,1984,23.79,37.7,26,10.7,22.9,1.73
Bilaspur,22.08,82.14,207,sandy loamy,0.45,11,1984,0.12,2.2,21.3,13.1,15.1,5.08
Bilaspur,22.08,82.14,207,sandy loamy,0.45,3,1985,0.25,10.4,28.2,14.7,14.7,6.8
Bilaspur,22.08,82.14,207,sandy loamy,0.45,5,1985,7.31,11.5,34.6,14.1,17.6,8.16
Bilaspur,22.08,82.14,207,sandy loamy,0.45,6,1985,90.6,165.5,32,10.8,26,10.04
Bilaspur,22.08,82.14,207,sandy loamy,0.45,11,1985,0,2.2,22,13.1,16,3.9
Bilaspur,22.08,82.14,207,sandy loamy,0.45,12,1985,0,5.8,20.1,13.9,14.4,5.63
Bilaspur,22.08,82.14,207,sandy loamy,0.45,3,1986,9.53,12.3,26.8,14.9,13,7.06
Bilaspur,22.08,82.14,207,sandy loamy,0.45,4,1986,8.08,9.6,31.5,15,14.4,8.66
Bilaspur,22.08,82.14,207,sandy loamy,0.45,6,1986,293.88,177.5,31.5,10.8,25.4,8.67
Bilaspur,22.08,82.14,207,sandy loamy,0.45,10,1986,53.2,25.4,25.9,10.7,22.4,3.63
Bilaspur,22.08,82.14,207,sandy loamy,0.45,11,1986,12.87,6.2,22.8,12.8,17.2,4.96
Bilaspur,22.08,82.14,207,sandy loamy,0.45,1,1987,18.49,8.3,19.1,13.6,12.8,5.63
Bilaspur,22.08,82.14,207,sandy loamy,0.45,2,1987,22.44,14,22.2,13.9,14.3,2.59
Bilaspur,22.08,82.14,207,sandy loamy,0.45,3,1987,9.43,21.9,26.3,14.8,13.2,7.24
Bilaspur,22.08,82.14,207,sandy loamy,0.45,5,1987,28.44,14.9,33.3,14.1,16.5,8.58
Bilaspur,22.08,82.14,207,sandy loamy,0.45,6,1987,64.95,116.8,33.3,10.9,27.6,8.48
Bilaspur,22.08,82.14,207,sandy loamy,0.45,10,1987,56.83,48.6,26.2,10.8,23.1,4.8
Bilaspur,22.08,82.14,207,sandy loamy,0.45,11,1987,13.03,9.1,22.9,12.9,16.8,4.79
Bilaspur,22.08,82.14,207,sandy loamy,0.45,2,1988,48.87,12.6,22.8,13.9,14.2,6.75
Bilaspur,22.08,82.14,207,sandy loamy,0.45,3,1988,6.11,34.1,27,14.8,13.3,5.89
Bilaspur,22.08,82.14,207,sandy loamy,0.45,5,1988,6.69,15.4,35.1,14,19,8.73
Bilaspur,22.08,82.14,207,sandy loamy,0.45,6,1988,263.03,215.3,31.6,10.7,24.6,9.59
Bilaspur,22.08,82.14,207,sandy loamy,0.45,10,1988,18.22,34.7,25.4,10.7,22.1,3.6
Bilaspur,22.08,82.14,207,sandy loamy,0.45,11,1988,0,3.5,22.2,13,15.9,5.37
Bilaspur,22.08,82.14,207,sandy loamy,0.45,1,1989,0.01,5.9,18.6,13.6,12.5,5.25
Bilaspur,22.08,82.14,207,sandy loamy,0.45,2,1989,0,7.2,22.1,13.9,13.4,7.88
Bilaspur,22.08,82.14,207,sandy loamy,0.45,3,1989,7.86,31.7,26,14.8,12.5,9.22
Bilaspur,22.08,82.14,207,sandy loamy,0.45,5,1989,0.52,18.2,34.3,14.1,17.3,8.18
Bilaspur,22.08,82.14,207,sandy loamy,0.45,6,1989,254.49,204,30.9,10.7,23.8,10.4
Bilaspur,22.08,82.14,207,sandy loamy,0.45,10,1989,7.75,33.4,26.2,10.6,23.3,4.24
Bilaspur,22.08,82.14,207,sandy loamy,0.45,11,1989,1.46,4.7,22.7,13.1,16.7,4.49
Bilaspur,22.08,82.14,207,sandy loamy,0.45,2,1990,20.86,32.5,22.2,13.7,13.9,7.83
Bilaspur,22.08,82.14,207,sandy loamy,0.45,3,1990,2.89,30,25.4,14.6,12.2,7.39
Bilaspur,22.08,82.14,207,sandy loamy,0.45,4,1990,3.19,8.7,31.1,14.7,14.4,4.63
Bilaspur,22.08,82.14,207,sandy loamy,0.45,5,1990,37.4,23,33.3,14,16.9,6.58
Bilaspur,22.08,82.14,207,sandy loamy,0.45,6,1990,316.23,283.8,30.6,10.8,24,9.49
Bilaspur,22.08,82.14,207,sandy loamy,0.45,10,1990,97.43,56,25.4,10.6,22.2,3.15
Bilaspur,22.08,82.14,207,sandy loamy,0.45,11,1990,0.49,3,23.1,12.9,17.1,3.83
Bilaspur,22.08,82.14,207,sandy loamy,0.45,2,1991,3.1,11.3,23.3,13.8,14.7,4.81
Bilaspur,22.08,82.14,207,sandy loamy,0.45,3,1991,10.09,35.8,27.3,14.6,13.8,6.13
Bilaspur,22.08,82.14,207,sandy loamy,0.45,5,1991,0.28,15,34.9,13.9,18.8,9.98
Bilaspur,22.08,82.14,207,sandy loamy,0.45,6,1991,122.27,230.7,30.9,10.8,24.4,7.86
Bilaspur,22.08,82.14,207,sandy loamy,0.45,10,1991,14.06,39,26.2,10.6,23,3.73
Bilaspur,22.08,82.14,207,sandy loamy,0.45,11,1991,1.5,5.6,22.7,13,16.2,5.52
Bilaspur,22.08,82.14,207,sandy loamy,0.45,2,1992,0,13.4,20.8,13.7,12.6,6.61
Bilaspur,22.08,82.14,207,sandy loamy,0.45,3,1992,0.22,17.7,27.5,14.7,13.8,7.9
Bilaspur,22.08,82.14,207,sandy loamy,0.45,5,1992,1.46,13,33.9,14.1,17,9.3
Bilaspur,22.08,82.14,207,sandy loamy,0.45,6,1992,89.92,121.3,32.3,10.9,26.5,7.6
Bilaspur,22.08,82.14,207,sandy loamy,0.45,10,1992,8.68,46.8,26,10.8,22.9,3.52
Bilaspur,22.08,82.14,207,sandy loamy,0.45,11,1992,0,3.5,22.7,13,16.7,5.3
Bilaspur,22.08,82.14,207,sandy loamy,0.45,1,1996,37.19,15.8,20.1,13.5,13.9,5.8
Bilaspur,22.08,82.14,207,sandy loamy,0.45,5,1996,1.78,8.2,35,14.2,18.3,7.45
Bilaspur,22.08,82.14,207,sandy loamy,0.45,8,1996,390.67,407.2,26.6,6.3,29,2.91
Bilaspur,22.08,82.14,207,sandy loamy,0.45,11,1996,0,3.9,22.7,13.2,16.2,4.38
Bilaspur,22.08,82.14,207,sandy loamy,0.45,1,1997,3.16,11.1,18.3,13.6,12,6.47
Bilaspur,22.08,82.14,207,sandy loamy,0.45,5,1997,22.2,21.6,33.6,14.2,16.5,7.28
Bilaspur,22.08,82.14,207,sandy loamy,0.45,8,1997,370.93,401.6,27.5,6.3,30.4,4.47
Bilaspur,22.08,82.14,207,sandy loamy,0.45,11,1997,99.51,14.7,23.8,13,17.7,4.4
Bilaspur,22.08,82.14,207,sandy loamy,0.45,1,1998,123.31,8.6,19.2,13.3,12.4,4.83
Bilaspur,22.08,82.14,207,sandy loamy,0.45,5,1998,13.07,25.9,35.1,14.1,18.2,7.14
Bilaspur,22.08,82.14,207,sandy loamy,0.45,8,1998,222.92,373.2,28,6.2,31.5,2.61
Bilaspur,22.08,82.14,207,sandy loamy,0.45,11,1998,57.92,14.2,23.6,12.8,17.3,5.3
Bilaspur,22.08,82.14,207,sandy loamy,0.45,5,1999,22.04,20.1,33.9,14.1,17.2,9.04
Bilaspur,22.08,82.14,207,sandy loamy,0.45,8,1999,378.39,439.8,27.2,6.2,30.1,3.68
Bilaspur,22.08,82.14,207,sandy loamy,0.45,11,1999,0.5,2.3,23.2,13.2,16.2,4.68
Bilaspur,22.08,82.14,207,sandy loamy,0.45,1,2000,9.48,5.6,20,13.7,13.5,6.1
Bilaspur,22.08,82.14,207,sandy loamy,0.45,5,2000,24.72,15.4,33.5,14.1,16.4,6.94
Bilaspur,22.08,82.14,207,sandy loamy,0.45,8,2000,170.74,297.7,28,6.2,31.2,5.15
Bilaspur,22.08,82.14,207,sandy loamy,0.45,11,2000,0,2.2,23.7,13,17.4,5.66
Bilaspur,22.08,82.14,207,sandy loamy,0.45,1,2001,3.62,10.2,19.2,13.6,12.8,6.86
Bilaspur,22.08,82.14,207,sandy loamy,0.45,5,2001,26.18,16.6,34.4,14.1,17.4,7.87
Bilaspur,22.08,82.14,207,sandy loamy,0.45,8,2001,355.84,414.2,27.6,6.2,30.8,2.59
Bilaspur,22.08,82.14,207,sandy loamy,0.45,11,2001,2.06,4.1,23.8,13,17.8,4.61
Bilaspur,22.08,82.14,207,sandy loamy,0.45,1,2002,11.3,15.1,19.5,13.6,13.2,5.26
Bilaspur,22.08,82.14,207,sandy loamy,0.45,5,2002,30.96,14.4,35.3,14.1,18.6,9.61
Bilaspur,22.08,82.14,207,sandy loamy,0.45,8,2002,359.05,426.7,27,6.2,29.7,7.23
Bilaspur,22.08,82.14,207,sandy loamy,0.45,11,2002,0.36,2.5,22.9,13,16.7,6.11
Bilaspur,22.08,82.14,207,sandy loamy,0.45,1,2003,1.33,6.9,19.1,13.6,12.8,7.71
Bilaspur,22.08,82.14,207,sandy loamy,0.45,5,2003,5.17,7.7,34.8,14.1,18.3,8.46
Bilaspur,22.08,82.14,207,sandy loamy,0.45,8,2003,349.64,371.7,27.4,6.2,30.5,4.76
Bilaspur,22.08,82.14,207,sandy loamy,0.45,11,2003,5.15,2.3,23.4,13,17.2,3.68
Bilaspur,22.08,82.14,207,sandy loamy,0.45,1,2004,35.82,21.4,18.7,13.6,12.4,5.2
Bilaspur,22.08,82.14,207,sandy loamy,0.45,5,2004,14.53,9.4,34.1,14.1,17.4,8.22
Bilaspur,22.08,82.14,207,sandy loamy,0.45,8,2004,430.7,456.4,26.9,6.2,29.7,2.65
Bilaspur,22.08,82.14,207,sandy loamy,0.45,11,2004,2.9,2.8,23,13,16.8,4.43
Bilaspur,22.08,82.14,207,sandy loamy,0.45,1,2005,78.62,18,19.7,13.6,13.4,5.43
Bilaspur,22.08,82.14,207,sandy loamy,0.45,5,2005,22.91,15.8,34.2,14.1,17.3,8.15
Bilaspur,22.08,82.14,207,sandy loamy,0.45,8,2005,338.94,379.5,27.6,6.2,30.8,3.99
Bilaspur,22.08,82.14,207,sandy loamy,0.45,11,2005,0,2.3,22.1,13,15.9,4.84
Bilaspur,22.08,82.14,207,sandy loamy,0.45,1,2006,0,9.4,19.7,13.6,13.3,5.64
Bilaspur,22.08,82.14,207,sandy loamy,0.45,5,2006,27.5,33.3,33.8,14.1,16.9,7.91
Bilaspur,22.08,82.14,207,sandy loamy,0.45,8,2006,345.82,374.6,26.9,6.2,29.7,3.61
Bilaspur,22.08,82.14,207,sandy loamy,0.45,11,2006,2.69,5.2,23.4,13,17.3,5.38
Bilaspur,22.08,82.14,207,sandy loamy,0.45,1,2007,0,5.3,19.5,13.6,13.1,6.7
Bilaspur,22.08,82.14,207,sandy loamy,0.45,5,2007,7.25,16,34.3,14.1,17.5,8.52
Bilaspur,22.08,82.14,207,sandy loamy,0.45,8,2007,338.46,414.9,27.7,6.2,30.9,3.6
Bilaspur,22.08,82.14,207,sandy loamy,0.45,11,2007,1.68,2.7,23.1,13,16.9,4.55
Bilaspur,22.08,82.14,207,sandy loamy,0.45,1,2008,8.01,14.8,19.8,13.6,13.5,6.53
Bilaspur,22.08,82.14,207,sandy loamy,0.45,5,2008,11.6,20.7,34.1,14.1,17.4,7.95
Bilaspur,22.08,82.14,207,sandy loamy,0.45,8,2008,304.96,408.7,27.3,6.2,30.4,4.86
Bilaspur,22.08,82.14,207,sandy loamy,0.45,11,2008,6.53,2.3,23.6,13,17.5,5.15
Bilaspur,22.08,82.14,207,sandy loamy,0.45,1,2009,20.4,7.3,21,13.6,14.5,6.32
Bilaspur,22.08,82.14,207,sandy loamy,0.45,5,2009,16.31,19.5,34.6,14.1,17.8,9.37
Bilaspur,22.08,82.14,207,sandy loamy,0.45,8,2009,350.17,312,28.1,6.2,31.6,4.77
Bilaspur,22.08,82.14,207,sandy loamy,0.45,11,2009,29.94,6.7,23.4,13,17.4,5.11
Bilaspur,22.08,82.14,207,sandy loamy,0.45,1,2010,2.63,9.9,18.3,13.6,12.5,6.53
Bilaspur,22.08,82.14,207,sandy loamy,0.45,5,2010,22.3,13.5,35,14.1,18.3,8.75
Bilaspur,22.08,82.14,207,sandy loamy,0.45,8,2010,256.34,382.5,28.1,6.2,31.7,4.61
Bilaspur,22.08,82.14,207,sandy loamy,0.45,11,2010,7.68,7.7,24.7,13,18.7,5.01
Bilaspur,22.08,82.14,207,sandy loamy,0.45,1,2011,4.52,5.3,18.4,13.6,12.2,6.65
Bilaspur,22.08,82.14,207,sandy loamy,0.45,5,2011,20.81,18.8,34.2,14.1,17.4,8.5
Bilaspur,22.08,82.14,207,sandy loamy,0.45,8,2011,440.19,416.7,27.5,6.2,30.7,3.58
Bilaspur,22.08,82.14,207,sandy loamy,0.45,11,2011,0,2.2,23.4,13,17.2,4.61
Bilaspur,22.08,82.14,207,sandy loamy,0.45,1,2012,61.78,27.2,19,13.6,12.6,5.19
Bilaspur,22.08,82.14,207,sandy loamy,0.45,5,2012,1.57,10.3,35,14.1,18.2,9.32
Bilaspur,22.08,82.14,207,sandy loamy,0.45,11,2012,11.27,4.8,22.4,13,16.1,5.11
Bilaspur,22.08,82.14,207,sandy loamy,0.45,1,2013,2.41,6.2,19,13.6,12.8,6.45
Bilaspur,22.08,82.14,207,sandy loamy,0.45,5,2013,4.17,13.4,35.3,14.1,18.4,8.17
Bilaspur,22.08,82.14,207,sandy loamy,0.45,8,2013,393.31,445.2,27,6.2,29.7,3.43
Bilaspur,22.08,82.14,207,sandy loamy,0.45,11,2013,0,2.4,22.2,13,15.6,4.75
Bilaspur,22.08,82.14,207,sandy loamy,0.45,1,2014,1.97,25.8,19.2,13.6,13.1,6
Bilaspur,22.08,82.14,207,sandy loamy,0.45,5,2014,15.7,26.8,33.7,14.1,16.8,7.28
Bilaspur,22.08,82.14,207,sandy loamy,0.45,8,2014,395.86,351.3,28.2,6.2,31.3,3.57
Bilaspur,22.08,82.14,207,sandy loamy,0.45,11,2014,0,4,23.4,13,16.8,4.39
Bilaspur,22.08,82.14,207,sandy loamy,0.45,1,2015,16.78,11,18.4,13.6,12.5,6.04
Bilaspur,22.08,82.14,207,sandy loamy,0.45,5,2015,1.78,17.5,34.9,14.1,17.9,8.1
Bilaspur,22.08,82.14,207,sandy loamy,0.45,8,2015,336.36,430.1,28,6.2,31.1,3.08
Bilaspur,22.08,82.14,207,sandy loamy,0.45,11,2015,0,2.7,24.2,13,17.8,5.12
Bilaspur,22.08,82.14,207,sandy loamy,0.45,1,2016,13.61,13.1,20.2,13.6,13.4,6.99
Bilaspur,22.08,82.14,207,sandy loamy,0.45,5,2016,29.77,16,34.5,14.1,17.5,8.08
Bilaspur,22.08,82.14,207,sandy loamy,0.45,8,2016,307.39,393.6,27.6,6.2,30.4,4.42
Bilaspur,22.08,82.14,207,sandy loamy,0.45,11,2016,0,2.2,22.4,13,16,4.92
Bilaspur,22.08,82.14,207,sandy loamy,0.45,1,2017,2.1,16.7,19.5,13.6,13.1,7.58
Bilaspur,22.08,82.14,207,sandy loamy,0.45,5,2017,9.87,13.9,35.1,14.1,18.2,9.73
Bilaspur,22.08,82.14,207,sandy loamy,0.45,8,2017,278.42,381.8,27.9,6.2,30.9,3.5
Bilaspur,22.08,82.14,207,sandy loamy,0.45,11,2017,0.73,4.4,22.9,13,16.6,5.03
Bilaspur,22.08,82.14,207,sandy loamy,0.45,1,2018,0,5.6,19.3,13.6,12.6,6.79
Bilaspur,22.08,82.14,207,sandy loamy,0.45,5,2018,23.59,13.7,34.6,14.1,17.4,9.31
Bilaspur,22.08,82.14,207,sandy loamy,0.45,7,2018,336.3,444.6,27.5,6.8,30.1,7.7
Bilaspur,22.08,82.14,207,sandy loamy,0.45,8,2018,318.34,409,27.3,6.2,29.9,3.98
Bilaspur,22.08,82.14,207,sandy loamy,0.45,11,2018,0,2.2,23.6,13,16.8,6.96
Bilaspur,22.08,82.14,207,sandy loamy,0.45,1,2019,24.5,14,18.7,13.6,12.5,6.42
Bilaspur,22.08,82.14,207,sandy loamy,0.45,5,2019,8.85,10.7,35.2,14.1,18.5,9.72
Bilaspur,22.08,82.14,207,sandy loamy,0.45,8,2019,407.07,568.4,27.5,6.2,30.1,3.46
Bilaspur,22.08,82.14,207,sandy loamy,0.45,9,2019,425.24,261.6,27.2,7.5,28.4,10.17
Bilaspur,22.08,82.14,207,sandy loamy,0.45,11,2019,0,2.4,23.5,13,17.1,5.26
Bilaspur,22.08,82.14,207,sandy loamy,0.45,1,2020,58,28.3,19.2,13.6,12.7,4.21
Bilaspur,22.08,82.14,207,sandy loamy,0.45,8,2020,525.76,409.8,27.4,6.2,30.3,2.56
Bilaspur,22.08,82.14,207,sandy loamy,0.45,11,2020,6.59,4.9,23.2,13,16.7,5.22
Bilaspur,22.08,82.14,207,sandy loamy,0.45,1,2021,6.72,9.7,20.8,13.6,14,6.68
Bilaspur,22.08,82.14,207,sandy loamy,0.45,8,2021,240.7,383.3,27.9,6.2,30.9,5.88
Bilaspur,22.08,82.14,207,sandy loamy,0.45,11,2021,7.45,5.2,23.5,13,17,4.96
Bilaspur,22.08,82.14,207,sandy loamy,0.45,1,2022,22.12,21,18.7,13.6,12.4,5.58
Bilaspur,22.08,82.14,207,sandy loamy,0.45,5,2022,21.42,17.3,34.4,14.1,17.3,7.99
Bilaspur,22.08,82.14,207,sandy loamy,0.45,8,2022,454.69,462.9,27.9,6.2,30.9,2.77
Bilaspur,22.08,82.14,207,sandy loamy,0.45,11,2022,0,4,22.6,13,16,4.28
Sarguja,22.95,83.16,623,Laterite,0.43,11,1974,5.5,5.6,19.4,13,14.5,3.7
Sarguja,22.95,83.16,623,Laterite,0.43,2,1975,9.68,19.1,19,14.4,11.4,7.4
Sarguja,22.95,83.16,623,Laterite,0.43,4,1975,1.27,4.9,29.3,15.9,14.8,5.35
Sarguja,22.95,83.16,623,Laterite,0.43,5,1975,1.6,8.9,32.3,14.9,18.3,10.6
Sarguja,22.95,83.16,623,Laterite,0.43,6,1975,151.21,229.5,29.5,11.2,23.7,6.6
Sarguja,22.95,83.16,623,Laterite,0.43,10,1975,121.31,74.7,24.4,10.6,21.8,2.44
Sarguja,22.95,83.16,623,Laterite,0.43,2,1976,8.87,7.7,19.5,14.3,12.5,5.17
Sarguja,22.95,83.16,623,Laterite,0.43,3,1976,1.45,4.1,24.1,15.3,13,9.6
Sarguja,22.95,83.16,623,Laterite,0.43,5,1976,11.65,13.2,31.1,14.9,16.5,8.71
Sarguja,22.95,83.16,623,Laterite,0.43,10,1976,0.61,12,24.2,11.4,20.6,2.68
Sarguja,22.95,83.16,623,Laterite,0.43,12,1976,0.21,1.1,17,14.8,11.1,3.08
Sarguja,22.95,83.16,623,Laterite,0.43,3,1977,2.06,2.6,25.2,15.5,13.7,6.52
Sarguja,22.95,83.16,623,Laterite,0.43,5,1977,34.67,70.3,29.8,14.7,15.4,8.79
Sarguja,22.95,83.16,623,Laterite,0.43,10,1977,25.59,68,23.5,11,20,4.52
Sarguja,22.95,83.16,623,Laterite,0.43,11,1977,41.04,29.9,21.2,12.7,16.5,1.05
Sarguja,22.95,83.16,623,Laterite,0.43,2,1978,34.28,80,18.3,14.2,11.1,5.45
Sarguja,22.95,83.16,623,Laterite,0.43,3,1978,21.43,38,22.5,15.7,10.7,4.58
Sarguja,22.95,83.16,623,Laterite,0.43,5,1978,5.14,10,31.9,14.8,18,8.05
Sarguja,22.95,83.16,623,Laterite,0.43,6,1978,260.92,418,29.6,11.1,23.7,8.18
Sarguja,22.95,83.16,623,Laterite,0.43,10,1978,32.06,50.5,23.8,10.7,20.6,2.73
Sarguja,22.95,83.16,623,Laterite,0.43,11,1978,2.98,2.9,21,13.2,16.1,1.79
Sarguja,22.95,83.16,623,Laterite,0.43,1,1979,23.34,16.8,17.2,14.2,12,5.32
Sarguja,22.95,83.16,623,Laterite,0.43,2,1979,14.54,20.9,18.2,14,11,5.25
Sarguja,22.95,83.16,623,Laterite,0.43,3,1979,0.86,2.5,23.2,15.6,11.6,4.54
Sarguja,22.95,83.16,623,Laterite,0.43,5,1979,0.35,5.3,31.6,15.3,17.8,8.87
Sarguja,22.95,83.16,623,Laterite,0.43,10,1979,10.81,23.6,24.6,11.2,21.7,3.52
Sarguja,22.95,83.16,623,Laterite,0.43,2,1980,13.74,21.7,19.9,14,12.3,7.42
Sarguja,22.95,83.16,623,Laterite,0.43,3,1980,14.55,15.5,24,15,12.6,10.06
Sarguja,22.95,83.16,623,Laterite,0.43,5,1980,5.98,7.8,32.1,14.9,17.6,8.78
Sarguja,22.95,83.16,623,Laterite,0.43,9,1980,264.21,152.5,25.8,7.8,26.5,2.31
Sarguja,22.95,83.16,623,Laterite,0.43,10,1980,37.63,22.4,23.9,10.9,20.9,3.7
Sarguja,22.95,83.16,623,Laterite,0.43,11,1980,0,0.7,20.1,13.5,14.5,3.6
Sarguja,22.95,83.16,623,Laterite,0.43,12,1980,2.26,10,17.1,14,12.4,3.6
Sarguja,22.95,83.16,623,Laterite,0.43,3,1981,5.88,38.8,23.2,14.9,12.1,7.67
Sarguja,22.95,83.16,623,Laterite,0.43,6,1981,110.18,136.1,30.4,11,24.6,8.64
Sarguja,22.95,83.16,623,Laterite,0.43,11,1981,0.67,4.8,19.5,13.8,13.8,4.41
Sarguja,22.95,83.16,623,Laterite,0.43,3,1982,38.13,70.5,22.5,14.9,10.9,6.52
Sarguja,22.95,83.16,623,Laterite,0.43,6,1982,121.19,174.6,29.9,11.4,23.1,8.93
Sarguja,22.95,83.16,623,Laterite,0.43,11,1982,5.11,14.6,20,13.2,14.6,3.77
Sarguja,22.95,83.16,623,Laterite,0.43,2,1983,33.47,17,19,13.8,11.4,9.03
Sarguja,22.95,83.16,623,Laterite,0.43,3,1983,2.32,6.4,23.8,14.9,12.5,6.92
Sarguja,22.95,83.16,623,Laterite,0.43,5,1983,40.72,43.1,30.9,14.9,16.2,7.2
Sarguja,22.95,83.16,623,Laterite,0.43,6,1983,123.9,138.3,31.1,11.5,25.1,9.78
Sarguja,22.95,83.16,623,Laterite,0.43,9,1983,275.51,198.7,25.6,7.7,26.4,4.12
Sarguja,22.95,83.16,623,Laterite,0.43,10,1983,69.63,113.3,23.3,10.7,20,5.59
Sarguja,22.95,83.16,623,Laterite,0.43,11,1983,0,0.8,19.1,13.5,13.9,4.21
Sarguja,22.95,83.16,623,Laterite,0.43,3,1984,0.02,1.7,24.2,16,12.3,6.34
Sarguja,22.95,83.16,623,Laterite,0.43,4,1984,12.7,11.8,28.9,15.8,14.8,6.8
Sarguja,22.95,83.16,623,Laterite,0.43,5,1984,17.72,5.8,32.4,14.5,18.7,8.14
Sarguja,22.95,83.16,623,Laterite,0.43,6,1984,384.37,235.6,28.8,10.8,22.3,7.69
Sarguja,22.95,83.16,623,Laterite,0.43,11,1984,0,0.7,18.9,13.9,13.3,4.46
Sarguja,22.95,83.16,623,Laterite,0.43,12,1984,0.13,0.8,17.2,14.5,11.8,4.5
Sarguja,22.95,83.16,623,Laterite,0.43,2,1985,7.82,12,19.1,14.5,11.5,5.45
Sarguja,22.95,83.16,623,Laterite,0.43,3,1985,0,2,25.5,15.3,14.2,5.86
Sarguja,22.95,83.16,623,Laterite,0.43,6,1985,92.79,146.2,30.1,11.3,25.1,4.83
Sarguja,22.95,83.16,623,Laterite,0.43,9,1985,148.87,196.9,25.3,7.9,25.4,1.5
Sarguja,22.95,83.16,623,Laterite,0.43,3,1986,12.44,3.8,23.9,16,11.9,6.26
Sarguja,22.95,83.16,623,Laterite,0.43,6,1986,294.73,235.2,29.7,11.3,24.2,7.97
Sarguja,22.95,83.16,623,Laterite,0.43,10,1986,68.1,22.7,23.5,11.1,19.5,3.28
Sarguja,22.95,83.16,623,Laterite,0.43,11,1986,23.7,13,20.5,12.8,15.7,4.8
Sarguja,22.95,83.16,623,Laterite,0.43,3,1987,8.27,14.2,23.5,15.4,12.6,5.08
Sarguja,22.95,83.16,623,Laterite,0.43,5,1987,18.83,15.1,30.7,14.9,16.9,7.94
Sarguja,22.95,83.16,623,Laterite,0.43,6,1987,48.95,64,31.3,11.4,26.7,8.38
Sarguja,22.95,83.16,623,Laterite,0.43,10,1987,36.51,60.7,24.1,11.3,20.7,2.95
Sarguja,22.95,83.16,623,Laterite,0.43,11,1987,46.78,14.3,20.5,13,15.4,3.15
Sarguja,22.95,83.16,623,Laterite,0.43,2,1988,19.33,19.8,20.2,14.4,12.4,5.02
Sarguja,22.95,83.16,623,Laterite,0.43,3,1988,8.7,45.8,24.1,15.2,12.6,5.44
Sarguja,22.95,83.16,623,Laterite,0.43,5,1988,6.8,23.1,32.3,14.2,18.9,7.75
Sarguja,22.95,83.16,623,Laterite,0.43,10,1988,24.67,32.3,23.7,11,20.2,4.45
Sarguja,22.95,83.16,623,Laterite,0.43,3,1989,2.39,12.1,23.3,15.6,11.7,7.95
Sarguja,22.95,83.16,623,Laterite,0.43,4,1989,0,2.4,29.3,16,15.1,8.51
Sarguja,22.95,83.16,623,Laterite,0.43,5,1989,6.34,37.3,31.6,14.8,17.6,8.51
Sarguja,22.95,83.16,623,Laterite,0.43,9,1989,150.83,166.9,25.7,7.9,26.5,6.78
Sarguja,22.95,83.16,623,Laterite,0.43,11,1989,18.61,8.9,20.2,13.3,14.9,4.44
Sarguja,22.95,83.16,623,Laterite,0.43,5,1990,80.98,26.9,30.6,14.5,17.1,7.59
Sarguja,22.95,83.16,623,Laterite,0.43,6,1990,268.52,440.2,29,11.1,24.1,6.38
Sarguja,22.95,83.16,623,Laterite,0.43,10,1990,62.41,43.1,23.4,10.8,19.8,3.09
Sarguja,22.95,83.16,623,Laterite,0.43,11,1990,3.27,5.5,20.8,13,15.7,3.04
Sarguja,22.95,83.16,623,Laterite,0.43,5,1991,3.33,19.6,32.2,14.3,18.5,6.44
Sarguja,22.95,83.16,623,Laterite,0.43,6,1991,133.25,371.4,29.1,11.2,23.4,7.6
Sarguja,22.95,83.16,623,Laterite,0.43,10,1991,27.94,45.5,24.1,10.8,20.5,2.92
Sarguja,22.95,83.16,623,Laterite,0.43,11,1991,1.2,7.9,20.3,13.2,14.5,4.16
Sarguja,22.95,83.16,623,Laterite,0.43,1,1992,0.09,17.5,15.9,13.8,11,7.2
Sarguja,22.95,83.16,623,Laterite,0.43,5,1992,10.45,20.6,31,14.9,16.9,6.72
Sarguja,22.95,83.16,623,Laterite,0.43,6,1992,119.2,93.1,30.2,11.4,25.1,8.2
Sarguja,22.95,83.16,623,Laterite,0.43,10,1992,11.27,68.5,23.8,11.1,20.4,3.56
Sarguja,22.95,83.16,623,Laterite,0.43,11,1992,0.51,1.4,20.3,13.4,14.6,4.71
Sarguja,22.95,83.16,623,Laterite,0.43,5,1993,10.4,20.5,31.3,14.6,17.2,6.48
Sarguja,22.95,83.16,623,Laterite,0.43,6,1993,204.58,120.3,30.4,11,25.6,8.61
Sarguja,22.95,83.16,623,Laterite,0.43,8,1993,220.43,299.5,25.6,6.5,27,2.45
Sarguja,22.95,83.16,623,Laterite,0.43,11,1993,4.54,14.1,20.1,13.3,14.6,4.02
Sarguja,22.95,83.16,623,Laterite,0.43,1,1994,9.89,34.2,17.2,14.3,11.7,4.69
Sarguja,22.95,83.16,623,Laterite,0.43,5,1994,3.56,7.4,31.7,14.9,17.8,7.95
Sarguja,22.95,83.16,623,Laterite,0.43,6,1994,643.69,148.5,29.2,11,23.1,9.98
Sarguja,22.95,83.16,623,Laterite,0.43,8,1994,396.86,440.9,25.3,6.6,27,1.69
Sarguja,22.95,83.16,623,Laterite,0.43,11,1994,0.92,1,20,13.1,14.8,3.82
Sarguja,22.95,83.16,623,Laterite,0.43,12,1994,0,0.8,16.7,14.6,11.6,2.65
Sarguja,22.95,83.16,623,Laterite,0.43,1,1995,14.66,24.8,15.4,14,10.2,4.6
Sarguja,22.95,83.16,623,Laterite,0.43,5,1995,6.34,14.6,31.2,14.6,18.2,7.45
Sarguja,22.95,83.16,623,Laterite,0.43,8,1995,380.9,339.6,26.1,6.9,27.9,1.55
Sarguja,22.95,83.16,623,Laterite,0.43,11,1995,40.5,10.6,20.3,12.8,15.2,3.91
Sarguja,22.95,83.16,623,Laterite,0.43,1,1996,14.46,40.3,17.2,13.9,12.1,4.69
Sarguja,22.95,83.16,623,Laterite,0.43,5,1996,2.03,6.1,32.2,15,18.5,7.58
Sarguja,22.95,83.16,623,Laterite,0.43,6,1996,344.46,372.2,29.8,11.6,24.3,5.03
Sarguja,22.95,83.16,623,Laterite,0.43,8,1996,357.1,404.2,25.2,6.9,26.4,1.42
Sarguja,22.95,83.16,623,Laterite,0.43,9,1996,178.2,120.7,25.9,7.9,26,1.64
Sarguja,22.95,83.16,623,Laterite,0.43,11,1996,0,1.1,20.4,14,14.4,4.1
Sarguja,22.95,83.16,623,Laterite,0.43,12,1996,0,0.8,16.6,14.8,11.2,3.5
Sarguja,22.95,83.16,623,Laterite,0.43,1,1997,3.76,14,15.9,14.4,10.5,4.75
Sarguja,22.95,83.16,623,Laterite,0.43,5,1997,5.23,41.3,30.9,15.1,16.9,7.65
Sarguja,22.95,83.16,623,Laterite,0.43,8,1997,480.75,508.8,26,6.8,27.4,1.23
Sarguja,22.95,83.16,623,Laterite,0.43,9,1997,174.27,157.3,25.5,8.1,25.6,0.97
Sarguja,22.95,83.16,623,Laterite,0.43,11,1997,55.56,23.2,21.1,13.2,15.9,3.53
Sarguja,22.95,83.16,623,Laterite,0.43,1,1998,116.36,6.1,16.3,13.4,10.6,4.37
Sarguja,22.95,83.16,623,Laterite,0.43,5,1998,11.02,52.2,32.1,14.8,18.3,5.78
Sarguja,22.95,83.16,623,Laterite,0.43,8,1998,404.82,357.5,26.4,6.6,28.7,1.57
Sarguja,22.95,83.16,623,Laterite,0.43,9,1998,257.66,197.2,26.2,8.2,26.8,3.8
Sarguja,22.95,83.16,623,Laterite,0.43,11,1998,59.03,20.6,21.5,12.8,15.1,2.9
Sarguja,22.95,83.16,623,Laterite,0.43,1,1999,0,2.4,16.2,14.6,10.6,3.67
Sarguja,22.95,83.16,623,Laterite,0.43,5,1999,27.02,31.4,31.4,14.8,17.3,6.71
Sarguja,22.95,83.16,623,Laterite,0.43,8,1999,368.99,367,25.7,6.6,27.4,1.68
Sarguja,22.95,83.16,623,Laterite,0.43,11,1999,2.94,1.3,20.9,13.9,14.6,2.87
Sarguja,22.95,83.16,623,Laterite,0.43,1,2000,0.3,2.8,17.2,14.4,11.6,4.38
Sarguja,22.95,83.16,623,Laterite,0.43,5,2000,14.31,13.5,31.2,14.7,16.5,7.74
Sarguja,22.95,83.16,623,Laterite,0.43,8,2000,195.1,166.8,26.3,6.8,28.4,2.61
Sarguja,22.95,83.16,623,Laterite,0.43,11,2000,0,0.9,21.2,13.4,15.7,3.5
Sarguja,22.95,83.16,623,Laterite,0.43,1,2001,1.49,13.3,17.1,14.3,11.2,5.08
Sarguja,22.95,83.16,623,Laterite,0.43,5,2001,24.31,11.3,31.8,14.8,17.8,8.23
Sarguja,22.95,83.16,623,Laterite,0.43,8,2001,265.54,383.1,26.1,6.6,28.3,1.64
Sarguja,22.95,83.16,623,Laterite,0.43,11,2001,0.09,3.6,21.6,13.3,16.3,3.15
Sarguja,22.95,83.16,623,Laterite,0.43,1,2002,5.66,12.4,17.2,14.3,11.7,4.72
Sarguja,22.95,83.16,623,Laterite,0.43,5,2002,17.34,10.7,32.5,14.8,18.8,7.77
Sarguja,22.95,83.16,623,Laterite,0.43,8,2002,379.76,401.6,25.6,6.6,27.3,2.63
Sarguja,22.95,83.16,623,Laterite,0.43,11,2002,0.46,1.7,20.7,13.3,15.1,3.64
Sarguja,22.95,83.16,623,Laterite,0.43,1,2003,1.32,7.3,16.7,14.3,11.1,5.16
Sarguja,22.95,83.16,623,Laterite,0.43,5,2003,1.6,2.8,32.2,14.8,18.5,8.25
Sarguja,22.95,83.16,623,Laterite,0.43,8,2003,366.83,292.1,26.1,6.6,28,2.98
Sarguja,22.95,83.16,623,Laterite,0.43,9,2003,414.05,285.2,25.5,7.9,25.6,3.45
Sarguja,22.95,83.16,623,Laterite,0.43,10,2003,130.39,106.5,24.2,11,20.8,4.6
Sarguja,22.95,83.16,623,Laterite,0.43,11,2003,2.29,0.9,21.2,13.3,15.6,2.25
Sarguja,22.95,83.16,623,Laterite,0.43,1,2004,18.23,16.6,16.2,14.3,10.9,4.71
Sarguja,22.95,83.16,623,Laterite,0.43,2,2004,1.95,17.9,19.4,14.4,11.5,4.3
Sarguja,22.95,83.16,623,Laterite,0.43,5,2004,11.99,4.9,31.9,14.8,17.9,7.49
Sarguja,22.95,83.16,623,Laterite,0.43,8,2004,323.4,521.8,25.6,6.6,27.2,3.03
Sarguja,22.95,83.16,623,Laterite,0.43,11,2004,0,0.7,20.6,13.3,15.2,3.62
Sarguja,22.95,83.16,623,Laterite,0.43,1,2005,43.3,28.2,17.4,14.3,11.8,4.81
Sarguja,22.95,83.16,623,Laterite,0.43,5,2005,6.08,23.8,31.5,14.8,17.6,8.08
Sarguja,22.95,83.16,623,Laterite,0.43,8,2005,260.4,385.4,26.2,6.6,28.3,2.92
Sarguja,22.95,83.16,623,Laterite,0.43,11,2005,0.01,0.7,20,13.3,14.4,3.52
Sarguja,22.95,83.16,623,Laterite,0.43,1,2006,0,12.6,17.6,14.3,11.6,4.93
Sarguja,22.95,83.16,623,Laterite,0.43,5,2006,40.67,68.8,31.4,14.8,17.2,9.05
Sarguja,22.95,83.16,623,Laterite,0.43,8,2006,374.77,377.2,25.6,6.6,27.1,1.83
Sarguja,22.95,83.16,623,Laterite,0.43,11,2006,1.99,1.8,21.3,13.3,15.8,3.98
Sarguja,22.95,83.16,623,Laterite,0.43,1,2007,0,1.6,17.4,14.3,11.4,5.11
Sarguja,22.95,83.16,623,Laterite,0.43,5,2007,15.47,28.1,32,14.8,17.8,8.21
Sarguja,22.95,83.16,623,Laterite,0.43,8,2007,319.33,428.3,26.3,6.6,28.4,3.65
Sarguja,22.95,83.16,623,Laterite,0.43,11,2007,5.6,1.1,21,13.3,15.4,3.65
Sarguja,22.95,83.16,623,Laterite,0.43,1,2008,11.62,34.2,17.6,14.3,11.9,5.56
Sarguja,22.95,83.16,623,Laterite,0.43,5,2008,9.15,45.7,31.7,14.8,17.7,8.26
Sarguja,22.95,83.16,623,Laterite,0.43,8,2008,287.56,423.7,26,6.6,27.9,2.72
Sarguja,22.95,83.16,623,Laterite,0.43,11,2008,0.33,1.1,21.5,13.3,15.8,3.54
Sarguja,22.95,83.16,623,Laterite,0.43,1,2009,10.24,7.5,18.7,14.3,12.7,5.75
Sarguja,22.95,83.16,623,Laterite,0.43,5,2009,9.99,24.3,32,14.8,18,8.14
Sarguja,22.95,83.16,623,Laterite,0.43,8,2009,212.18,220.3,26.7,6.6,28.5,3.18
Sarguja,22.95,83.16,623,Laterite,0.43,10,2009,43.99,39.4,24.2,11,20.5,5.2
Sarguja,22.95,83.16,623,Laterite,0.43,11,2009,28.11,9.7,21.3,13.3,15.9,3.77
Sarguja,22.95,83.16,623,Laterite,0.43,1,2010,0.01,4,16,14.3,10.5,4.92
Sarguja,22.95,83.16,623,Laterite,0.43,5,2010,25.05,24.7,32.4,14.8,18.5,7.87
Sarguja,22.95,83.16,623,Laterite,0.43,8,2010,125.47,218.1,26.6,6.6,29.1,3.55
Sarguja,22.95,83.16,623,Laterite,0.43,11,2010,11.99,4.9,22.4,13.3,17.2,4.61
Sarguja,22.95,83.16,623,Laterite,0.43,1,2011,0.63,1.8,16.3,14.3,10.8,5.08
Sarguja,22.95,83.16,623,Laterite,0.43,5,2011,30.37,27.6,31.7,14.8,17.7,7.61
Sarguja,22.95,83.16,623,Laterite,0.43,8,2011,438.64,415.7,26.1,6.6,28.1,2.51
Sarguja,22.95,83.16,623,Laterite,0.43,11,2011,0,0.7,21.1,13.3,15.5,3.41
Sarguja,22.95,83.16,623,Laterite,0.43,1,2012,59.52,63.6,16,14.3,10.6,4.31
Sarguja,22.95,83.16,623,Laterite,0.43,5,2012,1.75,3.3,32.3,14.8,18.6,7.19
Sarguja,22.95,83.16,623,Laterite,0.43,8,2012,379.13,516.1,25.8,6.6,27.3,2.2
Sarguja,22.95,83.16,623,Laterite,0.43,11,2012,37.77,7.4,20,13.3,14.3,3.48
Sarguja,22.95,83.16,623,Laterite,0.43,1,2013,1.34,1.7,16.6,14.3,11,4.62
Sarguja,22.95,83.16,623,Laterite,0.43,5,2013,11.26,18.5,32.1,14.5,18.4,7.64
Sarguja,22.95,83.16,623,Laterite,0.43,8,2013,251.15,466.5,25.5,6.7,26.9,2.3
Sarguja,22.95,83.16,623,Laterite,0.43,11,2013,0,0.8,19.3,13.6,13.4,3.6
Sarguja,22.95,83.16,623,Laterite,0.43,1,2014,16.06,72.4,16.7,13.9,11.6,4.73
Sarguja,22.95,83.16,623,Laterite,0.43,5,2014,19.87,67.1,31.3,15,17.1,7.55
Sarguja,22.95,83.16,623,Laterite,0.43,8,2014,329.19,318.9,26.4,6.7,28,2.77
Sarguja,22.95,83.16,623,Laterite,0.43,11,2014,0,6.9,20.3,13.2,14.6,3.77
Sarguja,22.95,83.16,623,Laterite,0.43,1,2015,15.98,18,16.2,14,11.2,5.05
Sarguja,22.95,83.16,623,Laterite,0.43,5,2015,4,23,31.9,14.9,17.8,8.01
Sarguja,22.95,83.16,623,Laterite,0.43,8,2015,266.9,400.3,26.2,6.7,28,2.55
Sarguja,22.95,83.16,623,Laterite,0.43,11,2015,0.01,3.4,21,13.5,15.4,4.01
Sarguja,22.95,83.16,623,Laterite,0.43,1,2016,16.4,29.2,16.7,14.2,11.3,5.28
Sarguja,22.95,83.16,623,Laterite,0.43,2,2016,6.13,25.8,20.9,14,13.2,5.23
Sarguja,22.95,83.16,623,Laterite,0.43,5,2016,16.04,30.5,31.5,14.8,17.3,8.62
Sarguja,22.95,83.16,623,Laterite,0.43,8,2016,501.78,397.4,26.1,6.7,27.6,3.03
Sarguja,22.95,83.16,623,Laterite,0.43,11,2016,0,1.1,19.9,13.3,14.4,3.78
Sarguja,22.95,83.16,623,Laterite,0.43,1,2017,4.77,44.1,16.8,14.3,11.4,5.47
Sarguja,22.95,83.16,623,Laterite,0.43,5,2017,8.93,8.1,32,14.8,18.1,8.8
Sarguja,22.95,83.16,623,Laterite,0.43,8,2017,260.93,295.5,26.2,6.7,28,2.51
Sarguja,22.95,83.16,623,Laterite,0.43,11,2017,0.21,1.5,20.5,13.4,14.9,3.95
Sarguja,22.95,83.16,623,Laterite,0.43,1,2018,0,2.9,15.9,14.3,10.8,5.18
Sarguja,22.95,83.16,623,Laterite,0.43,5,2018,49.11,18,31.3,14.7,17,7.75
Sarguja,22.95,83.16,623,Laterite,0.43,8,2018,291.01,416.3,25.8,6.7,27.3,2.34
Sarguja,22.95,83.16,623,Laterite,0.43,11,2018,0.04,0.7,20.2,13.5,14.6,4.71
Sarguja,22.95,83.16,623,Laterite,0.43,1,2019,9.66,11.5,16.4,14.3,11,6.51
Sarguja,22.95,83.16,623,Laterite,0.43,5,2019,9.37,10,32.2,14.7,18.4,8.49
Sarguja,22.95,83.16,623,Laterite,0.43,8,2019,377.73,674.6,25.8,6.8,27.3,3.3
Sarguja,22.95,83.16,623,Laterite,0.43,9,2019,243.15,214.1,25.3,7.9,25.4,4.49
Sarguja,22.95,83.16,623,Laterite,0.43,11,2019,4.98,1.3,20.7,13.2,15.2,5
Sarguja,22.95,83.16,623,Laterite,0.43,1,2020,41.03,51.2,15.7,14,10.8,6.74
Sarguja,22.95,83.16,623,Laterite,0.43,5,2020,45.88,26.2,30.8,14.7,16.5,8.15
Sarguja,22.95,83.16,623,Laterite,0.43,8,2020,373.74,359.5,25.9,6.7,27.6,2.93
Sarguja,22.95,83.16,623,Laterite,0.43,11,2020,16.46,7,20.3,13.4,14.8,3.08
Sarguja,22.95,83.16,623,Laterite,0.43,1,2021,3.07,15.7,17.1,14.1,11.9,3.55
Sarguja,22.95,83.16,623,Laterite,0.43,5,2021,118.45,28.9,30.4,14.8,16.2,6.79
Sarguja,22.95,83.16,623,Laterite,0.43,8,2021,200.31,397.3,26.2,6.8,27.7,2.95
Sarguja,22.95,83.16,623,Laterite,0.43,11,2021,18.58,8.3,20.3,13.4,14.8,3.57
Sarguja,22.95,83.16,623,Laterite,0.43,1,2022,19.47,21.2,15.5,13.9,10.8,6.49
Sarguja,22.95,83.16,623,Laterite,0.43,5,2022,26.36,26.9,31.4,14.7,17.3,8.21
Sarguja,22.95,83.16,623,Laterite,0.43,8,2022,369.49,413.6,26.4,6.9,27.9,4.25
Sarguja,22.95,83.16,623,Laterite,0.43,9,2022,236.46,222.1,25.8,8.1,26.1,4.05
Sarguja,22.95,83.16,623,Laterite,0.43,10,2022,100.17,57,23.7,11.2,20,4.91
Sarguja,22.95,83.16,623,Laterite,0.43,11,2022,0,6.9,19.9,13.6,14.2,4.74
Sarguja,22.95,83.16,623,Laterite,0.43,12,2022,1.02,8,17.8,14.3,12.6,7.46
Bastar,19.1,81.95,552,Loamy sand,0.44,2,1974,0.44,7.5,22.8,16,14,4
Bastar,19.1,81.95,552,Loamy sand,0.44,5,1974,57.77,50.9,31.2,14,20.2,7.94
Bastar,19.1,81.95,552,Loamy sand,0.44,6,1974,290.02,229.6,28.8,9.9,26.3,7.55
Bastar,19.1,81.95,552,Loamy sand,0.44,10,1974,87.23,180,24.7,10.5,22.6,3.74
Bastar,19.1,81.95,552,Loamy sand,0.44,11,1974,14.44,16.7,20.7,13.5,15.9,2.05
Bastar,19.1,81.95,552,Loamy sand,0.44,2,1975,12.07,12.6,22.8,16,14,6.07
Bastar,19.1,81.95,552,Loamy sand,0.44,3,1975,4.06,3.6,27,16,14.7,4
Bastar,19.1,81.95,552,Loamy sand,0.44,5,1975,49.5,67.4,32.6,14,21.9,7.49
Bastar,19.1,81.95,552,Loamy sand,0.44,6,1975,330.91,402.5,28.2,9.9,25,6.7
Bastar,19.1,81.95,552,Loamy sand,0.44,10,1975,219.84,157.3,24.9,10.5,23.1,3.3
Bastar,19.1,81.95,552,Loamy sand,0.44,11,1975,2.48,6.3,20,13.5,15.2,2.85
Bastar,19.1,81.95,552,Loamy sand,0.44,2,1976,0.52,1.1,22.6,16,13.7,5.89
Bastar,19.1,81.95,552,Loamy sand,0.44,3,1976,6.8,4.7,27,16,14.6,6.7
Bastar,19.1,81.95,552,Loamy sand,0.44,5,1976,77,54.8,31.5,14,20.3,7.79
Bastar,19.1,81.95,552,Loamy sand,0.44,6,1976,130.38,113.4,28.7,9.9,26,9.66
Bastar,19.1,81.95,552,Loamy sand,0.44,10,1976,3.9,20.2,25.2,10.5,23.1,3.36
Bastar,19.1,81.95,552,Loamy sand,0.44,2,1977,0.91,0.1,23.1,16,14.3,6.39
Bastar,19.1,81.95,552,Loamy sand,0.44,3,1977,3.27,2,27.9,16,15.4,6.63
Bastar,19.1,81.95,552,Loamy sand,0.44,5,1977,82.06,115.9,30.6,14,19.2,7.38
Bastar,19.1,81.95,552,Loamy sand,0.44,6,1977,160.04,215.2,28.8,9.9,26.2,8.62
Bastar,19.1,81.95,552,Loamy sand,0.44,10,1977,28.69,49.3,24.6,10.5,22.4,4.06
Bastar,19.1,81.95,552,Loamy sand,0.44,11,1977,93.35,49.5,23,13.5,18.9,5.7
Bastar,19.1,81.95,552,Loamy sand,0.44,2,1978,16.91,17.4,22.2,16,13.4,7.37
Bastar,19.1,81.95,552,Loamy sand,0.44,3,1978,10.55,12,26.1,16,13.8,4.05
Bastar,19.1,81.95,552,Loamy sand,0.44,5,1978,41.38,40.2,32.6,14,22.1,9.41
Bastar,19.1,81.95,552,Loamy sand,0.44,6,1978,251.12,371.2,28.6,9.9,25.8,7.11
Bastar,19.1,81.95,552,Loamy sand,0.44,10,1978,35.24,38.6,25,10.5,22.9,4.26
Bastar,19.1,81.95,552,Loamy sand,0.44,11,1978,36.36,25.8,22.9,13.5,18.5,3.48
Bastar,19.1,81.95,552,Loamy sand,0.44,2,1979,12.19,27.8,22.5,16,13.7,5.75
Bastar,19.1,81.95,552,Loamy sand,0.44,3,1979,0,0.3,26.3,16,13.9,6.05
Bastar,19.1,81.95,552,Loamy sand,0.44,5,1979,9.07,114.7,30.7,14,19.6,6.99
Bastar,19.1,81.95,552,Loamy sand,0.44,6,1979,334.69,283.2,29.6,9.9,27.5,7.91
Bastar,19.1,81.95,552,Loamy sand,0.44,10,1979,77.18,34.4,25.7,10.5,23.9,3.4
Bastar,19.1,81.95,552,Loamy sand,0.44,11,1979,3.85,31.3,23.4,13.5,19.3,3.94
Bastar,19.1,81.95,552,Loamy sand,0.44,2,1980,0.06,0.4,23.9,16,15.1,6.55
Bastar,19.1,81.95,552,Loamy sand,0.44,3,1980,3.37,12.1,27.6,16,15.3,4.4
Bastar,19.1,81.95,552,Loamy sand,0.44,5,1980,21.52,26.6,32.7,14,21.8,7.58
Bastar,19.1,81.95,552,Loamy sand,0.44,6,1980,359.25,406.6,27.7,9.9,24.3,8.97
Bastar,19.1,81.95,552,Loamy sand,0.44,10,1980,27.67,32.8,25.3,10.5,23.3,3.75
Bastar,19.1,81.95,552,Loamy sand,0.44,11,1980,0,6.1,22.3,13.5,17.8,4.12
Bastar,19.1,81.95,552,Loamy sand,0.44,2,1981,0.12,0,23.4,16,14.5,7.19
Bastar,19.1,81.95,552,Loamy sand,0.44,3,1981,19.75,34.4,26.4,16,14,6.78
Bastar,19.1,81.95,552,Loamy sand,0.44,5,1981,39.24,61,31.5,14,20.3,7.62
Bastar,19.1,81.95,552,Loamy sand,0.44,10,1981,25.21,41.5,24.9,10.5,22.8,3.91
Bastar,19.1,81.95,552,Loamy sand,0.44,11,1981,0.22,3.4,21,13.5,16.5,3.7
Bastar,19.1,81.95,552,Loamy sand,0.44,2,1982,3.05,2.4,23.2,16,14.5,6.31
Bastar,19.1,81.95,552,Loamy sand,0.44,3,1982,8.23,10.6,26.5,16,14.4,5.78
Bastar,19.1,81.95,552,Loamy sand,0.44,5,1982,29.1,48.6,30.5,14,19.4,9.19
Bastar,19.1,81.95,552,Loamy sand,0.44,6,1982,192.47,188.9,29.3,9.9,26.8,6.3
Bastar,19.1,81.95,552,Loamy sand,0.44,10,1982,32.34,126.1,25,10.5,22.9,3.78
Bastar,19.1,81.95,552,Loamy sand,0.44,11,1982,22.08,11.9,22,13.5,17.6,3.07
Bastar,19.1,81.95,552,Loamy sand,0.44,2,1983,20.18,12.8,23.2,16,14.6,6.15
Bastar,19.1,81.95,552,Loamy sand,0.44,3,1983,7.05,8.6,27.4,16,15.2,6.68
Bastar,19.1,81.95,552,Loamy sand,0.44,5,1983,43.03,52.1,31.3,14,20.4,9.4
Bastar,19.1,81.95,552,Loamy sand,0.44,6,1983,284.76,315,30.2,9.9,28.8,7.26
Bastar,19.1,81.95,552,Loamy sand,0.44,10,1983,73.58,98.3,24.2,10.5,22,4.48
Bastar,19.1,81.95,552,Loamy sand,0.44,11,1983,3.72,1.8,20.4,13.5,15.7,2.97
Bastar,19.1,81.95,552,Loamy sand,0.44,2,1984,2.54,10.1,22.1,16,13.3,7.38
Bastar,19.1,81.95,552,Loamy sand,0.44,3,1984,0.9,4.6,27,16,14.5,7.27
Bastar,19.1,81.95,552,Loamy sand,0.44,5,1984,25.14,51.5,32.6,14,21.9,9.35
Bastar,19.1,81.95,552,Loamy sand,0.44,6,1984,292.46,190.3,28.4,9.9,24.9,8.47
Bastar,19.1,81.95,552,Loamy sand,0.44,10,1984,59.65,55.5,24.9,10.5,22.7,3.73
Bastar,19.1,81.95,552,Loamy sand,0.44,11,1984,0,2.1,20.6,13.5,15.7,4.39
Bastar,19.1,81.95,552,Loamy sand,0.44,2,1985,2.18,0.4,23,16,14,5.98
Bastar,19.1,81.95,552,Loamy sand,0.44,3,1985,2.52,3.2,28.3,16,15.8,7.46
Bastar,19.1,81.95,552,Loamy sand,0.44,5,1985,24.98,27.5,32.3,14,21.4,9.33
Bastar,19.1,81.95,552,Loamy sand,0.44,6,1985,258.87,310.1,28.5,9.9,25.7,9.1
Bastar,19.1,81.95,552,Loamy sand,0.44,10,1985,133.67,154.5,23.6,10.5,21,4.14
Bastar,19.1,81.95,552,Loamy sand,0.44,11,1985,0.77,3.4,21.1,13.5,16.3,4.13
Bastar,19.1,81.95,552,Loamy sand,0.44,1,1986,34.45,32.3,19.7,15.8,13.4,9.5
Bastar,19.1,81.95,552,Loamy sand,0.44,2,1986,35.1,21.8,22.8,16,14.1,6.39
Bastar,19.1,81.95,552,Loamy sand,0.44,3,1986,1.83,2.4,27.1,16,14.8,6.08
Bastar,19.1,81.95,552,Loamy sand,0.44,5,1986,20.79,38.5,31.6,14,20.8,9
Bastar,19.1,81.95,552,Loamy sand,0.44,6,1986,295.51,229.2,28.4,9.9,25.3,9.36
Bastar,19.1,81.95,552,Loamy sand,0.44,10,1986,74.48,23.7,25.3,10.5,23.3,3.16
Bastar,19.1,81.95,552,Loamy sand,0.44,11,1986,48.2,35.5,22.3,13.5,17.6,3.67
Bastar,19.1,81.95,552,Loamy sand,0.44,1,1987,4.89,4.7,20.2,15.8,13.8,3.25
Bastar,19.1,81.95,552,Loamy sand,0.44,2,1987,0.5,0.8,22.5,16,13.6,5.83
Bastar,19.1,81.95,552,Loamy sand,0.44,3,1987,13.83,62,26.2,16,13.7,6.28
Bastar,19.1,81.95,552,Loamy sand,0.44,5,1987,57.4,54.6,30.4,14,18.9,6.79
Bastar,19.1,81.95,552,Loamy sand,0.44,6,1987,155.16,133.1,30.3,9.9,28.4,8.61
Bastar,19.1,81.95,552,Loamy sand,0.44,10,1987,114.09,83.7,25,10.5,23.1,2.96
Bastar,19.1,81.95,552,Loamy sand,0.44,11,1987,43.15,39,22.1,13.5,17.5,4.23
Bastar,19.1,81.95,552,Loamy sand,0.44,2,1988,11.97,4.9,23.7,16,15.1,6.41
Bastar,19.1,81.95,552,Loamy sand,0.44,3,1988,8.29,2.7,27.5,16,15.2,5
Bastar,19.1,81.95,552,Loamy sand,0.44,5,1988,48.94,56.8,32.7,14,21.8,8.01
Bastar,19.1,81.95,552,Loamy sand,0.44,10,1988,40.39,43.5,24.4,10.5,21.9,3.07
Bastar,19.1,81.95,552,Loamy sand,0.44,11,1988,3.04,9,21.2,13.5,16.3,4.05
Bastar,19.1,81.95,552,Loamy sand,0.44,2,1989,0,0,22.7,16,13.7,6.4
Bastar,19.1,81.95,552,Loamy sand,0.44,3,1989,19.01,59.7,25.9,16,13.7,6.25
Bastar,19.1,81.95,552,Loamy sand,0.44,5,1989,40.22,56.9,32.2,14,21.3,8.2
Bastar,19.1,81.95,552,Loamy sand,0.44,6,1989,222.31,199,28,9.9,24.7,8.25
Bastar,19.1,81.95,552,Loamy sand,0.44,10,1989,13.53,22.7,24.9,10.5,22.7,2.7
Bastar,19.1,81.95,552,Loamy sand,0.44,11,1989,0.51,1.3,22.1,13.5,17.4,3.24
Bastar,19.1,81.95,552,Loamy sand,0.44,2,1990,29.72,51.3,23.1,16,14.4,5.6
Bastar,19.1,81.95,552,Loamy sand,0.44,5,1990,189.83,114.6,30.2,14,19,6.33
Bastar,19.1,81.95,552,Loamy sand,0.44,6,1990,263.1,259.7,27.1,9.9,23.5,6.9
Bastar,19.1,81.95,552,Loamy sand,0.44,9,1990,260.04,185.9,25.6,7.7,26.6,9.9
Bastar,19.1,81.95,552,Loamy sand,0.44,10,1990,294.81,148.5,24.3,10.5,21.9,7.6
Bastar,19.1,81.95,552,Loamy sand,0.44,11,1990,24.56,12.8,22.3,13.5,17.9,1.89
Bastar,19.1,81.95,552,Loamy sand,0.44,2,1991,0,0.5,24.1,16,15.2,6.01
Bastar,19.1,81.95,552,Loamy sand,0.44,3,1991,5.22,6.7,27.6,16,15.2,5.55
Bastar,19.1,81.95,552,Loamy sand,0.44,5,1991,48.21,47.4,32.1,14,21.1,7.65
Bastar,19.1,81.95,552,Loamy sand,0.44,6,1991,170.4,361,27.9,9.9,25.2,7.27
Bastar,19.1,81.95,552,Loamy sand,0.44,10,1991,77.29,66.8,25.1,10.5,22.8,2.56
Bastar,19.1,81.95,552,Loamy sand,0.44,11,1991,37,34.6,21.5,13.5,16.4,2.32
Bastar,19.1,81.95,552,Loamy sand,0.44,2,1992,0.64,0.3,22.4,16,13.6,6.28
Bastar,19.1,81.95,552,Loamy sand,0.44,3,1992,0,0,27.7,16,15.1,5.04
Bastar,19.1,81.95,552,Loamy sand,0.44,5,1992,30.45,51.6,31.5,14,20.3,8.57
Bastar,19.1,81.95,552,Loamy sand,0.44,6,1992,207.41,187.3,29.4,9.9,27.2,7.48
Bastar,19.1,81.95,552,Loamy sand,0.44,10,1992,24.1,60,25,10.5,23,3.17
Bastar,19.1,81.95,552,Loamy sand,0.44,11,1992,26.71,30.8,22.1,13.5,17.6,2.4
Bastar,19.1,81.95,552,Loamy sand,0.44,1,1993,0,1.5,20.7,15.8,14.2,5.79
Bastar,19.1,81.95,552,Loamy sand,0.44,2,1993,0.52,2,22.8,16,13.9,6.63
Bastar,19.1,81.95,552,Loamy sand,0.44,3,1993,7.11,20.7,26.3,16,14.1,6
Bastar,19.1,81.95,552,Loamy sand,0.44,5,1993,44.35,71.1,31.9,14,20.8,7.53
Bastar,19.1,81.95,552,Loamy sand,0.44,6,1993,204.29,176.7,30,9.9,28,9.08
Bastar,19.1,81.95,552,Loamy sand,0.44,8,1993,215.44,264.4,25.6,6.3,28,2.32
Bastar,19.1,81.95,552,Loamy sand,0.44,11,1993,0.04,0.4,21.6,13.5,17,2.61
Bastar,19.1,81.95,552,Loamy sand,0.44,1,1994,1.4,8.6,20.7,15.8,14.4,5.65
Bastar,19.1,81.95,552,Loamy sand,0.44,5,1994,65.25,66.4,32.1,14,21.3,8.25
Bastar,19.1,81.95,552,Loamy sand,0.44,8,1994,406.37,383.2,24.7,6.3,26.3,1.67
Bastar,19.1,81.95,552,Loamy sand,0.44,11,1994,10.83,11.3,21.3,13.5,16.7,2.61
Bastar,19.1,81.95,552,Loamy sand,0.44,1,1995,68.22,18.4,18.8,15.8,12.4,4.65
Bastar,19.1,81.95,552,Loamy sand,0.44,5,1995,167.86,115.2,30.2,14,18.6,8.58
Bastar,19.1,81.95,552,Loamy sand,0.44,8,1995,319.76,291.4,26.1,6.3,28.5,1.37
Bastar,19.1,81.95,552,Loamy sand,0.44,11,1995,9.15,5,22.3,13.5,17.5,2.53
Bastar,19.1,81.95,552,Loamy sand,0.44,1,1996,1.72,0.4,21.2,15.8,14.8,4.41
Bastar,19.1,81.95,552,Loamy sand,0.44,5,1996,10.77,11.2,32.4,14,21.4,7.01
Bastar,19.1,81.95,552,Loamy sand,0.44,8,1996,370.09,333.7,25,6.3,26.9,1.89
Bastar,19.1,81.95,552,Loamy sand,0.44,11,1996,12.34,16.9,22.1,13.5,17.4,3.1
Bastar,19.1,81.95,552,Loamy sand,0.44,1,1997,11.24,13.2,19.1,15.8,12.7,4.97
Bastar,19.1,81.95,552,Loamy sand,0.44,5,1997,21.18,29.2,31.1,14,19.7,6.91
Bastar,19.1,81.95,552,Loamy sand,0.44,8,1997,292.83,274.9,25.8,6.3,28,2.01
Bastar,19.1,81.95,552,Loamy sand,0.44,11,1997,42.86,46.3,23.3,13.5,19.3,3.16
Bastar,19.1,81.95,552,Loamy sand,0.44,1,1998,0.47,15.1,20.9,15.8,14.5,4.07
Bastar,19.1,81.95,552,Loamy sand,0.44,5,1998,46.68,56.7,32.7,14,21.7,6.89
Bastar,19.1,81.95,552,Loamy sand,0.44,8,1998,195.44,316.8,26.1,6.3,28.6,1.93
Bastar,19.1,81.95,552,Loamy sand,0.44,11,1998,61.33,57.3,22.9,13.5,18.4,2.84
Bastar,19.1,81.95,552,Loamy sand,0.44,1,1999,0,0.3,19.4,15.8,12.9,5.1
Bastar,19.1,81.95,552,Loamy sand,0.44,5,1999,76.84,81.5,31.2,14,20,6.95
Bastar,19.1,81.95,552,Loamy sand,0.44,8,1999,556.93,527.4,25.4,6.3,27.5,1.76
Bastar,19.1,81.95,552,Loamy sand,0.44,11,1999,0.71,0.5,22.3,13.5,17.4,2.89
Bastar,19.1,81.95,552,Loamy sand,0.44,1,2000,1.89,0,20.9,15.8,14.5,4.87
Bastar,19.1,81.95,552,Loamy sand,0.44,5,2000,28.6,66,31.2,14,20,7.25
Bastar,19.1,81.95,552,Loamy sand,0.44,8,2000,373.13,457.7,25.7,6.3,28.1,1.85
Bastar,19.1,81.95,552,Loamy sand,0.44,11,2000,0.42,0.3,22.8,13.5,18.2,3
Bastar,19.1,81.95,552,Loamy sand,0.44,1,2001,1.69,6.7,20.5,15.8,14,5.4
Bastar,19.1,81.95,552,Loamy sand,0.44,5,2001,80.16,76.5,32.3,14,21.5,7.88
Bastar,19.1,81.95,552,Loamy sand,0.44,8,2001,472.12,487.4,25.5,6.3,27.7,1.4
Bastar,19.1,81.95,552,Loamy sand,0.44,11,2001,43.35,26,23.1,13.5,18.7,3.16
Bastar,19.1,81.95,552,Loamy sand,0.44,1,2002,20.53,29.3,20.6,15.8,14.2,5.13
Bastar,19.1,81.95,552,Loamy sand,0.44,5,2002,22.18,67.3,32.9,14,22,8.21
Bastar,19.1,81.95,552,Loamy sand,0.44,8,2002,342.77,455.8,25.1,6.3,26.8,2.07
Bastar,19.1,81.95,552,Loamy sand,0.44,11,2002,0,1.2,22,13.5,17.4,3.75
Bastar,19.1,81.95,552,Loamy sand,0.44,1,2003,0,6.1,20.4,15.8,14,6.23
Bastar,19.1,81.95,552,Loamy sand,0.44,5,2003,1.03,13.5,32.6,14,21.9,8.93
Bastar,19.1,81.95,552,Loamy sand,0.44,8,2003,456.98,387.5,25.4,6.3,27.6,1.07
Bastar,19.1,81.95,552,Loamy sand,0.44,11,2003,0.21,0.6,22.7,13.5,18,2.18
Bastar,19.1,81.95,552,Loamy sand,0.44,1,2004,34.05,42.5,19.9,15.8,13.6,3.74
Bastar,19.1,81.95,552,Loamy sand,0.44,5,2004,20.42,43.2,31,14,19.9,6.45
Bastar,19.1,81.95,552,Loamy sand,0.44,8,2004,318.68,304.8,25.4,6.3,27.3,0.94
Bastar,19.1,81.95,552,Loamy sand,0.44,11,2004,7.34,4.2,22.3,13.5,17.7,2.23
Bastar,19.1,81.95,552,Loamy sand,0.44,1,2005,44.51,17.9,21,15.8,14.6,4.73
Bastar,19.1,81.95,552,Loamy sand,0.44,5,2005,44.87,61,31.6,14,20.6,6.64
Bastar,19.1,81.95,552,Loamy sand,0.44,8,2005,234.27,251,25.8,6.3,28.1,2.06
Bastar,19.1,81.95,552,Loamy sand,0.44,11,2005,6.82,2.2,21.4,13.5,16.7,1.72
Bastar,19.1,81.95,552,Loamy sand,0.44,1,2006,0,0,20.7,15.8,14.3,4.13
Bastar,19.1,81.95,552,Loamy sand,0.44,5,2006,115.86,92.8,31.2,14,20,5.91
Bastar,19.1,81.95,552,Loamy sand,0.44,8,2006,656.36,296.8,25.3,6.3,27.3,1.09
Bastar,19.1,81.95,552,Loamy sand,0.44,11,2006,60.92,49.4,22.7,13.5,18.2,1.72
Bastar,19.1,81.95,552,Loamy sand,0.44,1,2007,0,0,20.8,15.8,14.4,4.03
Bastar,19.1,81.95,552,Loamy sand,0.44,5,2007,60.38,32.3,32.3,14,21.7,6.79
Bastar,19.1,81.95,552,Loamy sand,0.44,8,2007,423.2,388.6,25.7,6.3,28.2,1.53
Bastar,19.1,81.95,552,Loamy sand,0.44,11,2007,0.8,3.8,22.4,13.5,17.8,2.59
Bastar,19.1,81.95,552,Loamy sand,0.44,1,2008,14.77,6.2,21,15.8,14.5,4.32
Bastar,19.1,81.95,552,Loamy sand,0.44,5,2008,15.96,30.9,32.1,14,21.5,6.42
Bastar,19.1,81.95,552,Loamy sand,0.44,8,2008,441.59,382.6,25.4,6.3,27.5,1.46
Bastar,19.1,81.95,552,Loamy sand,0.44,11,2008,0.75,5.5,23,13.5,18.6,2.69
Bastar,19.1,81.95,552,Loamy sand,0.44,1,2009,0,0,21.9,15.8,15.4,4.79
Bastar,19.1,81.95,552,Loamy sand,0.44,5,2009,83.46,110.5,32,14,20.9,6.77
Bastar,19.1,81.95,552,Loamy sand,0.44,8,2009,336.86,314.5,26.5,6.3,29.4,1.38
Bastar,19.1,81.95,552,Loamy sand,0.44,11,2009,17.77,14.4,22.9,13.5,18.5,3.1
Bastar,19.1,81.95,552,Loamy sand,0.44,1,2010,13.99,17.1,19.9,15.8,13.9,4.84
Bastar,19.1,81.95,552,Loamy sand,0.44,5,2010,107.46,67.3,32.3,14,21.5,6.71
Bastar,19.1,81.95,552,Loamy sand,0.44,8,2010,510.46,535.4,26.1,6.3,28.8,1.09
Bastar,19.1,81.95,552,Loamy sand,0.44,11,2010,45.19,53,23.7,13.5,19.2,1.72
Bastar,19.1,81.95,552,Loamy sand,0.44,1,2011,1.62,0,19.7,15.8,13.4,3.93
Bastar,19.1,81.95,552,Loamy sand,0.44,5,2011,59.51,101,31.8,14,20.7,6.13
Bastar,19.1,81.95,552,Loamy sand,0.44,8,2011,310.68,340.7,25.8,6.3,28.4,2.25
Bastar,19.1,81.95,552,Loamy sand,0.44,11,2011,0,0.6,22.7,13.5,18.2,2.9
Bastar,19.1,81.95,552,Loamy sand,0.44,1,2012,25.14,26.5,20.4,15.8,14.1,4.4
Bastar,19.1,81.95,552,Loamy sand,0.44,5,2012,51.3,57.5,32.5,14,21.6,6.52
Bastar,19.1,81.95,552,Loamy sand,0.44,8,2012,531.02,487.2,25.3,6.3,27.2,1.08
Bastar,19.1,81.95,552,Loamy sand,0.44,11,2012,67.52,19,22,13.5,17.4,2.32
Bastar,19.1,81.95,552,Loamy sand,0.44,1,2013,0,1.2,20.8,15.8,14.6,4.37
Bastar,19.1,81.95,552,Loamy sand,0.44,5,2013,46.93,30.1,32.9,14,22.1,6.08
Bastar,19.1,81.95,552,Loamy sand,0.44,8,2013,282.75,269.1,25.1,6.3,27.1,1.12
Bastar,19.1,81.95,552,Loamy sand,0.44,11,2013,1.79,5.3,21.8,13.5,17.3,1.41
Bastar,19.1,81.95,552,Loamy sand,0.44,1,2014,0,0.5,20.7,15.8,14.4,3.83
Bastar,19.1,81.95,552,Loamy sand,0.44,5,2014,43.94,67,30.8,14,19.6,6.26
Bastar,19.1,81.95,552,Loamy sand,0.44,8,2014,339.57,297.7,26.3,6.3,28.8,1.18
Bastar,19.1,81.95,552,Loamy sand,0.44,11,2014,2.12,2.8,22.8,13.5,18.2,1.82
Bastar,19.1,81.95,552,Loamy sand,0.44,1,2015,3.79,0.6,19.4,15.8,13.3,3.89
Bastar,19.1,81.95,552,Loamy sand,0.44,5,2015,49.75,64.2,32.1,14,21.2,4.86
Bastar,19.1,81.95,552,Loamy sand,0.44,8,2015,333.27,441.6,26.1,6.3,28.6,1.63
Bastar,19.1,81.95,552,Loamy sand,0.44,11,2015,1.03,2.9,23.4,13.5,18.9,2.36
Bastar,19.1,81.95,552,Loamy sand,0.44,1,2016,0.71,0.9,21.2,15.8,14.8,3.93
Bastar,19.1,81.95,552,Loamy sand,0.44,5,2016,33.68,65.7,31.8,14,20.8,6.48
Bastar,19.1,81.95,552,Loamy sand,0.44,8,2016,331.27,288.7,25.9,6.3,28.4,1.06
Bastar,19.1,81.95,552,Loamy sand,0.44,11,2016,1.03,0.2,21.9,13.5,17.4,1.91
Bastar,19.1,81.95,552,Loamy sand,0.44,1,2017,0,0,20.5,15.8,14.2,4.21
Bastar,19.1,81.95,552,Loamy sand,0.44,5,2017,55.95,61.4,32.5,14,21.7,5.72
Bastar,19.1,81.95,552,Loamy sand,0.44,8,2017,359.11,417.1,26,6.3,28.6,1.26
Bastar,19.1,81.95,552,Loamy sand,0.44,11,2017,2.58,6.8,22.5,13.5,17.7,2.26
Bastar,19.1,81.95,552,Loamy sand,0.44,1,2018,0,0,20.4,15.8,14,3.86
Bastar,19.1,81.95,552,Loamy sand,0.44,5,2018,48.28,44.8,32,14,20.9,5.85
Bastar,19.1,81.95,552,Loamy sand,0.44,8,2018,475.35,422.9,25.3,6.3,27.3,1.07
Bastar,19.1,81.95,552,Loamy sand,0.44,11,2018,0.22,0.6,23,13.5,18.6,2.06
Bastar,19.1,81.95,552,Loamy sand,0.44,1,2019,9.41,22.5,19.7,15.8,13.5,3.84
Bastar,19.1,81.95,552,Loamy sand,0.44,5,2019,71.85,68.2,32.7,14,22.1,6.1
Bastar,19.1,81.95,552,Loamy sand,0.44,8,2019,448.54,576.3,25.6,6.3,28,1
Bastar,19.1,81.95,552,Loamy sand,0.44,11,2019,4.91,0.3,23,13.5,18.4,1.98
Bastar,19.1,81.95,552,Loamy sand,0.44,1,2020,21.36,20.7,20.7,15.8,14.2,3.67
Bastar,19.1,81.95,552,Loamy sand,0.44,5,2020,67.27,39.9,31.6,14,20.5,5.5
Bastar,19.1,81.95,552,Loamy sand,0.44,8,2020,460.01,433.7,25.4,6.3,27.5,0.98
Bastar,19.1,81.95,552,Loamy sand,0.44,11,2020,5.11,17.4,22.6,13.5,18.3,2.01
Bastar,19.1,81.95,552,Loamy sand,0.44,1,2021,0,0.5,22,15.8,15.6,3.73
Bastar,19.1,81.95,552,Loamy sand,0.44,6,2021,133.2,201.8,27.7,9.9,24.4,5.47
Bastar,19.1,81.95,552,Loamy sand,0.44,8,2021,303.83,271.2,26,6.3,28.4,1.14
Bastar,19.1,81.95,552,Loamy sand,0.44,11,2021,37.33,27.3,23.1,13.5,18.9,1.9
Bastar,19.1,81.95,552,Loamy sand,0.44,1,2022,78.11,45.4,20.1,15.8,14.1,5.25
Bastar,19.1,81.95,552,Loamy sand,0.44,5,2022,64.91,69.7,31.8,14,20.8,6.57
Bastar,19.1,81.95,552,Loamy sand,0.44,8,2022,590.9,581.6,26.1,6.3,28.6,1.79
Bastar,19.1,81.95,552,Loamy sand,0.44,11,2022,0.24,0.5,22,13.5,17.5,3.19